cls,writer,l_w,m_w,reader,l_r,m_r,stat,cos,z,p,q,sig,acos,span
neuron_neuron,L0N1168,0,1168,L1N802,1,802,0.89329046,-0.89329046,-25.308163521533075,3.1395286344759573e-141,1.9554684201900112e-132,True,0.89329046,1
neuron_neuron,L0N2644,0,2644,L1N802,1,802,0.88044065,0.88044065,25.01394115903766,5.772627952807725e-138,1.797752621088264e-129,True,0.88044065,1
neuron_neuron,L0N1105,0,1105,L1N1303,1,1303,0.8553217,0.8553217,24.30129747084227,2.313212355702172e-130,4.802646339003665e-122,True,0.8553217,1
neuron_neuron,L0N2977,0,2977,L1N2537,1,2537,0.8525932,-0.8525932,-24.15355074032863,7.122062644664897e-129,1.1090015580142826e-120,True,0.8525932,1
neuron_neuron,L0N2418,0,2418,L1N2537,1,2537,0.84928095,-0.84928095,-24.0595802455015,7.825774714991442e-128,9.748632422485677e-120,True,0.84928095,1
neuron_neuron,L0N1993,0,1993,L1N2537,1,2537,0.84731567,-0.84731567,-24.00382362942376,3.064935230863433e-127,3.1816793493914764e-119,True,0.84731567,1
neuron_neuron,L0N2977,0,2977,L1N1303,1,1303,0.84328705,-0.84328705,-23.88952865416965,4.656115779626767e-126,4.142972868977604e-118,True,0.84328705,1
neuron_neuron,L1N242,1,242,L3N1751,3,1751,0.831949,0.831949,23.70462908312493,4.252294365713105e-124,3.3106989589903245e-116,True,0.831949,2
neuron_neuron,L0N2852,0,2852,L1N2537,1,2537,0.8282993,-0.8282993,-23.46431427886344,1.1202945972377577e-121,7.753112582114979e-114,True,0.8282993,1
neuron_neuron,L0N2898,0,2898,L1N2537,1,2537,0.8239876,-0.8239876,-23.34198860575196,2.2306050135714144e-120,1.3893415763301315e-112,True,0.8239876,1
neuron_neuron,L0N162,0,162,L1N1303,1,1303,0.82085425,0.82085425,23.32342937469877,3.1487602011074754e-120,1.7829257633836952e-112,True,0.82085425,1
neuron_neuron,L0N1612,0,1612,L3N1751,3,1751,0.8116426,0.8116426,23.14709587394626,1.6562641946699264e-118,8.596758476741554e-111,True,0.8116426,3
neuron_neuron,L0N101,0,101,L1N224,1,224,0.8122221,0.8122221,23.07852944717764,8.534272332421003e-118,4.08892837559459e-110,True,0.8122221,1
neuron_neuron,L1N2882,1,2882,L2N410,2,410,0.80812687,0.80812687,22.962343901234004,1.1678895660088956e-116,5.195891828021445e-109,True,0.80812687,1
neuron_neuron,L1N1462,1,1462,L2N1597,2,1597,0.807527,-0.807527,-22.874988897942988,1.1254694302142918e-115,4.673355323695269e-108,True,0.807527,1
neuron_neuron,L0N1422,0,1422,L1N79,1,79,0.7991906,0.7991906,22.708814651504795,4.013565920548471e-114,1.4705095093122295e-106,True,0.7991906,1
neuron_neuron,L1N2396,1,2396,L4N2903,4,2903,0.7984487,-0.7984487,-22.7178927454421,3.859832515112517e-114,1.4705095093122295e-106,True,0.7984487,3
neuron_neuron,L1N1120,1,1120,L3N1751,3,1751,0.7958414,0.7958414,22.677212231709216,9.072743419365374e-114,3.139442131222474e-106,True,0.7958414,2
neuron_neuron,L0N2852,0,2852,L1N1303,1,1303,0.80054134,-0.80054134,-22.676800271098656,1.0418969908100444e-113,3.4155255702482427e-106,True,0.80054134,1
neuron_neuron,L1N2396,1,2396,L2N1269,2,1269,0.7968374,-0.7968374,-22.571716332110935,9.877854439718751e-113,3.0762312858038114e-105,True,0.7968374,1
neuron_neuron,L0N1993,0,1993,L2N110,2,110,0.7920452,0.7920452,22.56919341436203,1.194964001022591e-112,3.5442299046082906e-105,True,0.7920452,2
neuron_neuron,L0N826,0,826,L1N2537,1,2537,0.7940319,0.7940319,22.56245945290306,1.378737330488189e-112,3.733705477313331e-105,True,0.7940319,1
neuron_neuron,L0N1993,0,1993,L1N2882,1,2882,0.796538,-0.796538,-22.563222292242006,1.3610126831251206e-112,3.733705477313331e-105,True,0.796538,1
neuron_neuron,L1N824,1,824,L2N2135,2,2135,0.791896,0.791896,22.501861420113244,4.958997411427942e-112,1.2869717032471529e-104,True,0.791896,1
neuron_neuron,L1N1120,1,1120,L2N666,2,666,0.7908027,0.7908027,22.470844561806256,9.393490372552344e-112,2.3403097620673327e-104,True,0.7908027,1
neuron_neuron,L0N2898,0,2898,L2N110,2,110,0.78774136,0.78774136,22.446731383817657,1.553669868665034e-111,3.7219604465613545e-104,True,0.78774136,2
neuron_neuron,L0N1993,0,1993,L2N410,2,410,0.7888222,-0.7888222,-22.41329689947284,3.46823664844813e-111,8.000761366142923e-104,True,0.7888222,2
neuron_neuron,L0N323,0,323,L1N79,1,79,0.78810555,0.78810555,22.39432379769932,4.622577464623017e-111,1.0282826892148068e-103,True,0.78810555,1
neuron_neuron,L0N101,0,101,L2N2830,2,2830,0.78573096,-0.78573096,-22.325338477345976,2.3475054371054318e-110,5.041908584702239e-103,True,0.78573096,2
neuron_neuron,L0N2852,0,2852,L1N2882,1,2882,0.78784835,-0.78784835,-22.31669052150496,3.0684323242104534e-110,6.244543997705314e-103,True,0.78784835,1
neuron_neuron,L1N2401,1,2401,L2N666,2,666,0.78553003,0.78553003,22.321254424269767,3.1079646140857137e-110,6.244543997705314e-103,True,0.78553003,1
neuron_neuron,L1N1462,1,1462,L3N1612,3,1612,0.7828955,0.7828955,22.30884584683655,3.7667912656115104e-110,7.331754841778545e-103,True,0.7828955,2
neuron_neuron,L0N432,0,432,L1N1303,1,1303,0.78475255,0.78475255,22.29919663887252,4.266806360713952e-110,8.053327343685588e-103,True,0.78475255,1
neuron_neuron,L1N2401,1,2401,L3N1751,3,1751,0.7815353,0.7815353,22.270142919974205,9.764398043206216e-110,1.7887634661401415e-102,True,0.7815353,2
neuron_neuron,L0N2898,0,2898,L1N2882,1,2882,0.7856406,-0.7856406,-22.254054798481803,1.0887171470446593e-109,1.8836444074461763e-102,True,0.7856406,1
neuron_neuron,L0N1993,0,1993,L1N1303,1,1303,0.785566,-0.785566,-22.251937629874217,1.0887171470446593e-109,1.8836444074461763e-102,True,0.785566,1
neuron_neuron,L0N968,0,968,L1N1303,1,1303,0.78221667,0.78221667,22.22725179988709,2.0745775614110439e-109,3.492322246416981e-102,True,0.78221667,1
neuron_neuron,L0N1871,0,1871,L1N1303,1,1303,0.7843431,-0.7843431,-22.217244474001024,2.8086565243165784e-109,4.6036404085347814e-102,True,0.7843431,1
neuron_neuron,L0N2852,0,2852,L2N110,2,110,0.77927107,0.77927107,22.20571492761457,3.467233438643488e-109,5.537386449934529e-102,True,0.77927107,2
neuron_neuron,L10N1692,10,1692,L11N802,11,802,0.7824631,-0.7824631,-22.16390602973546,9.909604290940781e-109,1.5430595245031618e-101,True,0.7824631,1
neuron_neuron,L1N73,1,73,L4N919,4,919,0.7767082,0.7767082,22.15195605882344,1.09984825152972e-108,1.670841563991318e-101,True,0.7767082,3
neuron_neuron,L1N224,1,224,L2N2769,2,2769,0.7785893,0.7785893,22.12434083347186,1.8828940250884444e-108,2.7923055862837557e-101,True,0.7785893,1
neuron_neuron,L0N1150,0,1150,L1N2882,1,2882,0.7782752,0.7782752,22.11542910938082,2.5782172287480573e-108,3.7345425233905195e-101,True,0.7782752,1
neuron_neuron,L1N2882,1,2882,L2N110,2,110,0.77858955,-0.77858955,-22.054011112561973,8.931536228251984e-108,1.2643282618301994e-100,True,0.77858955,1
neuron_neuron,L0N101,0,101,L2N2769,2,2769,0.77650166,-0.77650166,-22.06272504170972,9.543130374785468e-108,1.320884066814978e-100,True,0.77650166,2
neuron_neuron,L1N429,1,429,L2N1295,2,1295,0.77678144,-0.77678144,-22.00271374058823,3.123549108022163e-107,4.2293815346067567e-100,True,0.77678144,1
neuron_neuron,L0N2418,0,2418,L1N1303,1,1303,0.77619433,-0.77619433,-21.986057102581263,4.2693421289316985e-107,5.657824334380617e-100,True,0.77619433,1
neuron_neuron,L0N1150,0,1150,L2N110,2,110,0.7735147,-0.7735147,-21.977732939437463,6.266655646702852e-107,8.1316925803539e-100,True,0.7735147,2
neuron_neuron,L1N1120,1,1120,L10N900,10,900,0.77685374,-0.77685374,-21.969765961600057,6.747667526281591e-107,8.577168736895343e-100,True,0.77685374,9
neuron_neuron,L0N323,0,323,L2N2135,2,2135,0.7730268,-0.7730268,-21.96385110524078,8.569453032204263e-107,1.067503866584358e-99,True,0.7730268,2
neuron_neuron,L0N2898,0,2898,L1N1303,1,1303,0.77453643,-0.77453643,-21.93902112429052,1.4870985731409187e-106,1.8161676643476636e-99,True,0.77453643,1
neuron_neuron,L0N1418,0,1418,L1N1303,1,1303,0.76978606,0.76978606,21.874585961004733,5.228465691424464e-106,6.2626375435876036e-99,True,0.76978606,1
neuron_neuron,L1N2401,1,2401,L10N900,10,900,0.7722199,-0.7722199,-21.83872110861276,1.1005563561040944e-105,1.2933699756697642e-98,True,0.7722199,9
neuron_neuron,L1N73,1,73,L2N1416,2,1416,0.7696254,-0.7696254,-21.799692152178014,2.436086807829561e-105,2.8098643766673584e-98,True,0.7696254,1
neuron_neuron,L0N935,0,935,L1N802,1,802,0.7667639,0.7667639,21.78884570548521,3.362128530982834e-105,3.807483069424165e-98,True,0.7667639,1
neuron_neuron,L0N2418,0,2418,L1N2882,1,2882,0.7689407,-0.7689407,-21.780265608277094,4.524703798992119e-105,5.032554484954972e-98,True,0.7689407,1
neuron_neuron,L0N2418,0,2418,L2N110,2,110,0.7631939,0.7631939,21.748250402523396,7.801495246847668e-105,8.524901129641006e-98,True,0.7631939,2
neuron_neuron,L0N1150,0,1150,L1N2537,1,2537,0.76388294,0.76388294,21.70710980720432,2.146428396909697e-104,2.3050203824387614e-97,True,0.76388294,1
neuron_neuron,L0N1150,0,1150,L1N1303,1,1303,0.76221645,0.76221645,21.659830320703115,5.408673109264999e-104,5.709855016350966e-97,True,0.76221645,1
neuron_neuron,L1N824,1,824,L2N2394,2,2394,0.7640733,-0.7640733,-21.64217446956776,7.266307570427661e-104,7.419425871835148e-97,True,0.7640733,1
neuron_neuron,L0N1175,0,1175,L1N224,1,224,0.7641832,-0.7641832,-21.645292727485,7.266307570427661e-104,7.419425871835148e-97,True,0.7641832,1
neuron_neuron,L1N1944,1,1944,L4N825,4,825,0.7608026,-0.7608026,-21.645508882782845,7.784170938286336e-104,7.820005042767764e-97,True,0.7608026,3
neuron_neuron,L0N2403,0,2403,L1N2564,1,2564,0.76127696,0.76127696,21.633176317833488,1.0005477118478366e-103,9.891988707843538e-97,True,0.76127696,1
neuron_neuron,L8N689,8,689,L9N1370,9,1370,0.7607645,0.7607645,21.618636848434107,1.360443760513959e-103,1.3239969279922857e-96,True,0.7607645,1
neuron_neuron,L0N1422,0,1422,L2N2135,2,2135,0.76069117,-0.76069117,-21.61284846117516,1.47456345848419e-103,1.4129814780120765e-96,True,0.76069117,2
neuron_neuron,L0N1422,0,1422,L1N824,1,824,0.7596238,0.7596238,21.58627562188189,2.513649300393103e-103,2.3721770959280988e-96,True,0.7596238,1
neuron_neuron,L0N3012,0,3012,L2N110,2,110,0.7592127,-0.7592127,-21.570778956318872,3.7117292570224053e-103,3.45054619274992e-96,True,0.7592127,2
neuron_neuron,L1N1462,1,1462,L3N2108,3,2108,0.75873154,-0.75873154,-21.557088771146528,5.047060904716472e-103,4.622915881651535e-96,True,0.75873154,2
neuron_neuron,L1N802,1,802,L2N410,2,410,0.76103204,-0.76103204,-21.55589139366242,6.226122686254184e-103,5.608870683769848e-96,True,0.76103204,1
neuron_neuron,L1N105,1,105,L2N410,2,410,0.7584093,0.7584093,21.551819210102195,6.303577677792401e-103,5.608870683769848e-96,True,0.7584093,1
neuron_neuron,L0N826,0,826,L1N1303,1,1303,0.7571996,0.7571996,21.51749808066164,1.1623571292282197e-102,1.0196886686587889e-95,True,0.7571996,1
neuron_neuron,L1N242,1,242,L2N666,2,666,0.7567141,0.7567141,21.50372464750766,1.5779203585071237e-102,1.365019769719622e-95,True,0.7567141,1
neuron_neuron,L0N2898,0,2898,L2N410,2,410,0.7565812,-0.7565812,-21.49590185211003,1.7219114447304138e-102,1.4691776423991306e-95,True,0.7565812,2
neuron_neuron,L1N2396,1,2396,L6N1653,6,1653,0.7545784,-0.7545784,-21.489258444974038,1.9828469837387626e-102,1.6689519739724172e-95,True,0.7545784,5
neuron_neuron,L0N323,0,323,L1N824,1,824,0.75173616,0.75173616,21.36249664955944,3.317005874465996e-101,2.718435334978276e-94,True,0.75173616,1
neuron_neuron,L0N826,0,826,L1N2882,1,2882,0.75164586,0.75164586,21.35993474026192,3.317005874465996e-101,2.718435334978276e-94,True,0.75164586,1
neuron_neuron,L0N2418,0,2418,L2N410,2,410,0.7519731,-0.7519731,-21.364781695289047,3.650095977948294e-101,2.9525680595621136e-94,True,0.7519731,2
neuron_neuron,L9N1849,9,1849,L10N697,10,697,0.75132036,0.75132036,21.35070002958618,4.492964451297635e-101,3.5877711888915613e-94,True,0.75132036,1
neuron_neuron,L1N2355,1,2355,L4N825,4,825,0.7483969,-0.7483969,-21.292119148093708,1.6453127891708072e-100,1.2972023910268806e-93,True,0.7483969,3
neuron_neuron,L0N3012,0,3012,L1N2882,1,2882,0.74858356,0.74858356,21.27305473103512,2.0424871198891817e-100,1.5705821810982737e-93,True,0.74858356,1
neuron_neuron,L1N1886,1,1886,L2N2585,2,2585,0.75130653,-0.75130653,-21.279971225775824,2.0177007980724307e-100,1.5705821810982737e-93,True,0.75130653,1
neuron_neuron,L0N826,0,826,L2N110,2,110,0.7474363,-0.7474363,-21.23568996530975,5.603668363820374e-100,4.256424465862463e-93,True,0.7474363,2
neuron_neuron,L0N3012,0,3012,L1N2537,1,2537,0.7468751,0.7468751,21.22458475994946,6.834261292346359e-100,5.067557103710387e-93,True,0.7468751,1
neuron_neuron,L1N1462,1,1462,L2N2585,2,2585,0.74666405,0.74666405,21.218596825413147,6.834261292346359e-100,5.067557103710387e-93,True,0.74666405,1
neuron_neuron,L10N1165,10,1165,L11N802,11,802,0.74864924,-0.74864924,-21.20458176022997,9.126868416529918e-100,6.6878915470333845e-93,True,0.74864924,1
neuron_neuron,L1N802,1,802,L2N110,2,110,0.7462266,0.7462266,21.206186361826028,9.238612512017649e-100,6.691055916186561e-93,True,0.7462266,1
neuron_neuron,L3N1255,3,1255,L4N2094,4,2094,0.74818516,-0.74818516,-21.19141540657289,1.2335402544825132e-99,8.831214474658022e-93,True,0.74818516,1
neuron_neuron,L0N1995,0,1995,L1N802,1,802,0.744729,0.744729,21.16369756115973,2.2794461661941244e-99,1.61336646663514e-92,True,0.744729,1
neuron_neuron,L0N646,0,646,L3N1751,3,1751,0.7413677,0.7413677,21.14524848320768,3.6641046451067856e-99,2.5642727665779896e-92,True,0.7413677,3
neuron_neuron,L1N224,1,224,L2N2830,2,2830,0.74401236,0.74401236,21.143366316615783,4.157911976566825e-99,2.877525227768753e-92,True,0.74401236,1
neuron_neuron,L2N1269,2,1269,L4N2903,4,2903,0.74323916,-0.74323916,-21.116263790991653,6.264444152941129e-99,4.2411250005608177e-92,True,0.74323916,2
neuron_neuron,L1N750,1,750,L3N3035,3,3035,0.7432417,-0.7432417,-21.116336719381444,6.264444152941129e-99,4.2411250005608177e-92,True,0.7432417,2
neuron_neuron,L1N3020,1,3020,L2N352,2,352,0.74171585,0.74171585,21.07821265105533,1.3801342857561628e-98,9.24325117376028e-92,True,0.74171585,1
neuron_neuron,L0N999,0,999,L1N1303,1,1303,0.7405957,0.7405957,21.04643313856143,2.5114321626334152e-98,1.6465851893380048e-91,True,0.7405957,1
neuron_neuron,L1N1886,1,1886,L2N1597,2,1597,0.74072677,0.74072677,21.050151711858614,2.5114321626334152e-98,1.6465851893380048e-91,True,0.74072677,1
neuron_neuron,L0N416,0,416,L4N825,4,825,0.7377173,-0.7377173,-21.038274591299785,3.2082982736686154e-98,2.0815644530651493e-91,True,0.7377173,4
neuron_neuron,L0N1175,0,1175,L2N2830,2,2830,0.7382867,0.7382867,21.03953231051304,3.2564424065568084e-98,2.0910192243517946e-91,True,0.7382867,2
neuron_neuron,L1N73,1,73,L2N2331,2,2331,0.74013436,0.74013436,21.033344572249355,3.3868095525939905e-98,2.1525391477264825e-91,True,0.74013436,1
neuron_neuron,L0N2852,0,2852,L2N410,2,410,0.7405488,-0.7405488,-21.039711029826638,3.7975899534621316e-98,2.3892370098249052e-91,True,0.7405488,2
neuron_neuron,L1N1120,1,1120,L6N834,6,834,0.73759884,-0.73759884,-21.005286845378,5.985983458044014e-98,3.728394602758165e-91,True,0.73759884,5
neuron_neuron,L0N1150,0,1150,L2N410,2,410,0.73541063,0.73541063,20.95769648111068,1.9610229160433752e-97,1.2093378710263172e-90,True,0.73541063,2
neuron_neuron,L1N73,1,73,L3N2265,3,2265,0.7370591,-0.7370591,-20.94041478710052,3.0802244964419613e-97,1.8809123451560675e-90,True,0.7370591,2
neuron_neuron,L0N2456,0,2456,L1N802,1,802,0.7339598,0.7339598,20.85816747129323,1.6224122560636985e-96,9.81093395112295e-90,True,0.7339598,1
neuron_neuron,L1N2401,1,2401,L6N834,6,834,0.72976476,-0.72976476,-20.78199087450952,7.081266951873803e-96,4.240958140139276e-89,True,0.72976476,5
neuron_neuron,L1N242,1,242,L10N900,10,900,0.7340935,-0.7340935,-20.760508337847632,1.0009707677296345e-95,5.9377027686025174e-89,True,0.7340935,9
neuron_neuron,L5N1752,5,1752,L6N1653,6,1653,0.7321642,-0.7321642,-20.73688873043289,1.7050847149557058e-95,1.001904793001151e-88,True,0.7321642,1
neuron_neuron,L8N1062,8,1062,L9N1237,9,1237,0.7295208,0.7295208,20.73222975972664,2.3166840967553818e-95,1.348557280376623e-88,True,0.7295208,1
neuron_neuron,L0N2053,0,2053,L1N1886,1,1886,0.7286129,0.7286129,20.706472002353827,3.109794585413011e-95,1.7793342964095697e-88,True,0.7286129,1
neuron_neuron,L1N242,1,242,L6N834,6,834,0.72719795,-0.72719795,-20.708828544446668,3.1138500109046895e-95,1.7793342964095697e-88,True,0.72719795,5
neuron_neuron,L1N1886,1,1886,L3N1612,3,1612,0.72890055,-0.72890055,-20.70826845830717,3.5508830086668256e-95,2.010620178915746e-88,True,0.72890055,2
neuron_neuron,L0N293,0,293,L3N1751,3,1751,0.72469443,0.72469443,20.67029454067869,6.905613495438269e-95,3.874945930176623e-88,True,0.72469443,3
neuron_neuron,L0N1175,0,1175,L2N2769,2,2769,0.7246428,0.7246428,20.65130565948971,9.9247021055264e-95,5.519323066422003e-88,True,0.7246428,2
neuron_neuron,L1N666,1,666,L2N410,2,410,0.7290632,-0.7290632,-20.648911243229797,1.3353796461900438e-94,7.360590676484272e-88,True,0.7290632,1
neuron_neuron,L0N3012,0,3012,L1N1303,1,1303,0.7255997,0.7255997,20.6209854012202,1.8117194813048785e-94,9.898570058739244e-88,True,0.7255997,1
neuron_neuron,L2N1269,2,1269,L6N1653,6,1653,0.72245383,-0.72245383,-20.6025439690778,3.266001044526528e-94,1.7689063346884142e-87,True,0.72245383,4
neuron_neuron,L2N2135,2,2135,L3N900,3,900,0.7266454,-0.7266454,-20.580316333167392,4.309868404109189e-94,2.3141546513742022e-87,True,0.7266454,1
neuron_neuron,L1N79,1,79,L2N2135,2,2135,0.72636324,-0.72636324,-20.572311000748613,5.773789731692399e-94,3.073699881170307e-87,True,0.72636324,1
neuron_neuron,L3N1612,3,1612,L5N1866,5,1866,0.7231346,-0.7231346,-20.544201629390308,9.011034004654728e-94,4.756406670783146e-87,True,0.7231346,2
neuron_neuron,L1N1462,1,1462,L5N1866,5,1866,0.71865606,0.71865606,20.53731602173073,1.0509669913321294e-93,5.500833157633856e-87,True,0.71865606,4
neuron_neuron,L1N2564,1,2564,L2N410,2,410,0.72193074,0.72193074,20.51689409639594,1.877975254507689e-93,9.747538913329738e-87,True,0.72193074,1
neuron_neuron,L0N826,0,826,L2N410,2,410,0.7194855,0.7194855,20.504558475144204,2.499155296562344e-93,1.286453911540004e-86,True,0.7194855,2
neuron_neuron,L2N2731,2,2731,L4N2621,4,2621,0.7184514,0.7184514,20.475132717867176,4.481204368974955e-93,2.2878169764975047e-86,True,0.7184514,2
neuron_neuron,L2N110,2,110,L3N1533,3,1533,0.71901345,0.71901345,20.43412836130832,1.0757938529682634e-92,5.4476638976504854e-86,True,0.71901345,1
neuron_neuron,L0N2456,0,2456,L1N2564,1,2564,0.7205144,-0.7205144,-20.40637537458518,1.8994474973989555e-92,9.540957621494909e-86,True,0.7205144,1
neuron_neuron,L10N1689,10,1689,L11N472,11,472,0.71803856,0.71803856,20.40646988707056,1.921815360998353e-92,9.57608529280544e-86,True,0.71803856,1
neuron_neuron,L2N1597,2,1597,L3N1612,3,1612,0.7165936,0.7165936,20.36547595625178,3.430407408043466e-92,1.695748785482676e-85,True,0.7165936,1
neuron_neuron,L0N1168,0,1168,L1N2564,1,2564,0.7153451,0.7153451,20.330053966776457,8.168516993656954e-92,4.0061375274280754e-85,True,0.7153451,1
neuron_neuron,L0N2053,0,2053,L2N2585,2,2585,0.7128502,0.7128502,20.315755354014925,1.0963159289410352e-91,5.334725933391667e-85,True,0.7128502,2
neuron_neuron,L0N1209,0,1209,L2N110,2,110,0.71502024,-0.71502024,-20.31331373932316,1.2717679140132016e-91,6.140510972475645e-85,True,0.71502024,2
neuron_neuron,L1N2564,1,2564,L3N1533,3,1533,0.71222806,0.71222806,20.298052411394888,1.4643362089406507e-91,7.015906738061031e-85,True,0.71222806,2
neuron_neuron,L9N779,9,779,L10N853,10,853,0.71380705,0.71380705,20.28641864828592,1.94158533630974e-91,9.161549035228447e-85,True,0.71380705,1
neuron_neuron,L1N2956,1,2956,L2N1153,2,1153,0.7137668,0.7137668,20.2852772035494,1.94158533630974e-91,9.161549035228447e-85,True,0.7137668,1
neuron_neuron,L9N906,9,906,L10N697,10,697,0.7158832,-0.7158832,-20.27498409372189,2.5601609312043143e-91,1.1989525152688016e-84,True,0.7158832,1
neuron_neuron,L2N1295,2,1295,L9N1374,9,1374,0.7140258,-0.7140258,-20.275850958316173,2.731150598700938e-91,1.2694839315589256e-84,True,0.7140258,7
neuron_neuron,L0N41,0,41,L2N2135,2,2135,0.71335924,-0.71335924,-20.266051054709965,3.027786833629622e-91,1.3969404270184064e-84,True,0.71335924,2
neuron_neuron,L3N1143,3,1143,L4N1727,4,1727,0.7129908,0.7129908,20.26326169388313,3.454588352034912e-91,1.582135787411085e-84,True,0.7129908,1
neuron_neuron,L1N1303,1,1303,L3N900,3,900,0.7125898,-0.7125898,-20.24415727369042,4.0413128365617386e-91,1.83733463317728e-84,True,0.7125898,2
neuron_neuron,L8N1627,8,1627,L9N85,9,85,0.7119899,0.7119899,20.234864239867804,6.141685535549979e-91,2.772010352871133e-84,True,0.7119899,1
neuron_neuron,L2N1269,2,1269,L5N1752,5,1752,0.70948046,-0.70948046,-20.18354804348729,1.7275147825127912e-90,7.740933389275908e-84,True,0.70948046,3
neuron_neuron,L0N1871,0,1871,L1N2537,1,2537,0.7121741,-0.7121741,-20.169754726219598,1.9142401257948958e-90,8.516374249731656e-84,True,0.7121741,1
neuron_neuron,L0N3012,0,3012,L2N410,2,410,0.70801437,0.70801437,20.17815474655673,1.963550990983881e-90,8.673800508437e-84,True,0.70801437,2
neuron_neuron,L1N1120,1,1120,L6N3039,6,3039,0.7076178,-0.7076178,-20.1507330255528,2.720732355675041e-90,1.1933939594697757e-83,True,0.7076178,5
neuron_neuron,L1N802,1,802,L3N1533,3,1533,0.7093669,-0.7093669,-20.152452367539063,3.032832843720513e-90,1.3209877655738644e-83,True,0.7093669,2
neuron_neuron,L1N1450,1,1450,L4N919,4,919,0.70705163,-0.70705163,-20.114360509019846,7.270687153556416e-90,3.1448455717501235e-83,True,0.70705163,3
neuron_neuron,L1N2401,1,2401,L6N3039,6,3039,0.7056693,-0.7056693,-20.09519360208808,8.588767225980607e-90,3.689344316243728e-83,True,0.7056693,5
neuron_neuron,L2N2840,2,2840,L3N1774,3,1774,0.70915926,-0.70915926,-20.084220776267266,1.0653905096556593e-89,4.54508831450205e-83,True,0.70915926,1
neuron_neuron,L0N1612,0,1612,L4N923,4,923,0.7030299,0.7030299,20.091229740034507,1.1440799659383337e-89,4.847584679265782e-83,True,0.7030299,4
neuron_neuron,L0N41,0,41,L1N79,1,79,0.7062054,0.7062054,20.0707549252828,1.4337035361086073e-89,6.033703977923646e-83,True,0.7062054,1
neuron_neuron,L0N1942,0,1942,L2N2135,2,2135,0.7037655,0.7037655,20.057256436370253,1.946330429251313e-89,8.136107204379053e-83,True,0.7037655,2
neuron_neuron,L9N2877,9,2877,L11N1736,11,1736,0.7032523,0.7032523,20.042653798320963,2.5902635599414228e-89,1.0755709282411383e-82,True,0.7032523,2
neuron_neuron,L10N383,10,383,L11N472,11,472,0.7072544,-0.7072544,-20.03017886383816,3.332532671528528e-89,1.3746236983290957e-82,True,0.7072544,1
neuron_neuron,L0N2485,0,2485,L1N824,1,824,0.7066564,-0.7066564,-20.0132127674804,4.429686401629766e-89,1.815163507812861e-82,True,0.7066564,1
neuron_neuron,L1N2537,1,2537,L2N2135,2,2135,0.7028089,0.7028089,19.974393315111325,1.0510531794939042e-88,4.2787766562885886e-82,True,0.7028089,1
neuron_neuron,L2N2331,2,2331,L3N2265,3,2265,0.7025134,0.7025134,19.966009192142945,1.395954329501218e-88,5.645947655614122e-82,True,0.7025134,1
neuron_neuron,L1N2956,1,2956,L2N2331,2,2331,0.7045554,-0.7045554,-19.953605677824804,1.832562652166436e-88,7.36399510994513e-82,True,0.7045554,1
neuron_neuron,L2N1597,2,1597,L3N2108,3,2108,0.70383686,-0.70383686,-19.93322032034521,2.4329579768608225e-88,9.713961269651405e-82,True,0.70383686,1
neuron_neuron,L8N2611,8,2611,L10N853,10,853,0.701327,-0.701327,-19.923682792794043,2.9272941493460574e-88,1.1613231156860806e-81,True,0.701327,2
neuron_neuron,L0N1942,0,1942,L1N79,1,79,0.70322233,-0.70322233,-19.91578580888817,3.229410503614676e-88,1.2730707056034984e-81,True,0.70322233,1
neuron_neuron,L1N2324,1,2324,L2N940,2,940,0.69967604,0.69967604,19.885511127265207,5.751708239698497e-88,2.253129127154185e-81,True,0.69967604,1
neuron_neuron,L0N101,0,101,L3N1681,3,1681,0.6967086,0.6967086,19.873091960657245,7.502693874466845e-88,2.9206774817969313e-81,True,0.6967086,3
neuron_neuron,L0N2053,0,2053,L3N1612,3,1612,0.6957054,0.6957054,19.844514685322352,1.3225391631586764e-87,5.10071289914079e-81,True,0.6957054,3
neuron_neuron,L0N2918,0,2918,L1N824,1,824,0.7005938,-0.7005938,-19.84121311046489,1.3266596965289004e-87,5.10071289914079e-81,True,0.7005938,1
neuron_neuron,L7N2151,7,2151,L8N2611,8,2611,0.70011556,-0.70011556,-19.827644291848863,1.7588362372987743e-87,6.720849319134411e-81,True,0.70011556,1
neuron_neuron,L8N178,8,178,L11N802,11,802,0.69688326,-0.69688326,-19.824704669182225,2.1688512862747714e-87,8.237061044975437e-81,True,0.69688326,3
neuron_neuron,L0N2644,0,2644,L1N2564,1,2564,0.69982314,-0.69982314,-19.819348102400923,2.3313321114468456e-87,8.747469076234564e-81,True,0.69982314,1
neuron_neuron,L2N2731,2,2731,L5N1752,5,1752,0.6947955,0.6947955,19.81859461608924,2.3294237832624525e-87,8.747469076234564e-81,True,0.6947955,3
neuron_neuron,L1N79,1,79,L2N2394,2,2394,0.6975525,0.6975525,19.82526482855716,2.35800242020522e-87,8.794560353214672e-81,True,0.6975525,1
neuron_neuron,L1N2730,1,2730,L2N1416,2,1416,0.69666505,0.69666505,19.800087094213428,3.1248727788609433e-87,1.158535690349008e-80,True,0.69666505,1
neuron_neuron,L1N242,1,242,L4N923,4,923,0.6938826,0.6938826,19.79258965209249,4.0995588125677945e-87,1.5109036656683843e-80,True,0.6938826,3
neuron_neuron,L0N230,0,230,L1N802,1,802,0.69624275,0.69624275,19.78810615205309,4.140314270391553e-87,1.5169481769268911e-80,True,0.69624275,1
neuron_neuron,L2N2769,2,2769,L3N1681,3,1681,0.69593024,0.69593024,19.77924008575151,5.484627623555479e-87,1.997732774051697e-80,True,0.69593024,1
neuron_neuron,L2N2297,2,2297,L9N1849,9,1849,0.6951159,0.6951159,19.75874400321119,6.898653188341759e-87,2.4981713525450446e-80,True,0.6951159,7
neuron_neuron,L1N1450,1,1450,L2N1416,2,1416,0.6949609,0.6949609,19.751738877233,9.618634983278793e-87,3.463009629455818e-80,True,0.6949609,1
neuron_neuron,L0N1469,0,1469,L2N2135,2,2135,0.6942375,-0.6942375,-19.72195438658072,1.5296838761899524e-86,5.4756893177867515e-80,True,0.6942375,2
neuron_neuron,L3N1255,3,1255,L4N1326,4,1326,0.6940764,0.6940764,19.726645694351237,1.685509619531738e-86,5.999009435869751e-80,True,0.6940764,1
neuron_neuron,L8N583,8,583,L9N1370,9,1370,0.6958445,-0.6958445,-19.706470209649336,2.205451381732286e-86,7.804968934673184e-80,True,0.6958445,1
neuron_neuron,L4N60,4,60,L5N1625,5,1625,0.69535524,-0.69535524,-19.692590241653274,2.9180456915664e-86,1.0210768827940888e-79,True,0.69535524,1
neuron_neuron,L0N2977,0,2977,L1N2882,1,2882,0.6951032,-0.6951032,-19.685440570029574,2.9180456915664e-86,1.0210768827940888e-79,True,0.6951032,1
neuron_neuron,L5N1021,5,1021,L7N2813,7,2813,0.6927101,-0.6927101,-19.678494154291165,3.5525377221475906e-86,1.2361524256737138e-79,True,0.6927101,2
neuron_neuron,L9N2247,9,2247,L10N853,10,853,0.6917445,0.6917445,19.66048755742264,5.163228086387609e-86,1.7866322277909512e-79,True,0.6917445,1
neuron_neuron,L1N1825,1,1825,L2N2045,2,2045,0.6932098,-0.6932098,-19.63172333521441,8.924815293047474e-86,3.054317686653403e-79,True,0.6932098,1
neuron_neuron,L1N105,1,105,L2N110,2,110,0.69351315,-0.69351315,-19.640328983013134,8.924815293047474e-86,3.054317686653403e-79,True,0.69351315,1
neuron_neuron,L0N1469,0,1469,L1N79,1,79,0.6903017,0.6903017,19.619554503656484,1.1930236618993644e-85,4.060544981989475e-79,True,0.6903017,1
neuron_neuron,L0N1105,0,1105,L1N2537,1,2537,0.6889771,0.6889771,19.581974760871827,2.751646825788573e-85,9.31453602318945e-79,True,0.6889771,1
neuron_neuron,L0N323,0,323,L2N2394,2,2394,0.68696856,0.68696856,19.579310905810637,2.886553258586147e-85,9.666137951543468e-79,True,0.68696856,2
neuron_neuron,L0N1422,0,1422,L2N2394,2,2394,0.6867368,0.6867368,19.572716822566075,2.886553258586147e-85,9.666137951543468e-79,True,0.6867368,2
neuron_neuron,L2N2331,2,2331,L4N919,4,919,0.6885964,-0.6885964,-19.56144239266401,3.3305398435727967e-85,1.0975875890616023e-78,True,0.6885964,2
neuron_neuron,L0N2053,0,2053,L2N1597,2,1597,0.6887586,-0.6887586,-19.56605723332976,3.3305398435727967e-85,1.0975875890616023e-78,True,0.6887586,2
neuron_neuron,L3N135,3,135,L5N1365,5,1365,0.6887746,-0.6887746,-19.566511763759166,3.3305398435727967e-85,1.0975875890616023e-78,True,0.6887746,2
neuron_neuron,L3N1255,3,1255,L4N3014,4,3014,0.6907874,-0.6907874,-19.562996524871345,3.5935433289731055e-85,1.1780280811023442e-78,True,0.6907874,1
neuron_neuron,L1N1263,1,1263,L2N2045,2,2045,0.6877411,0.6877411,19.54690788753675,4.798654698404621e-85,1.5648491960871142e-78,True,0.6877411,1
neuron_neuron,L1N73,1,73,L3N2153,3,2153,0.6860555,0.6860555,19.55332974294454,5.041816879084374e-85,1.635581529388984e-78,True,0.6860555,2
neuron_neuron,L1N2348,1,2348,L3N1408,3,1408,0.6878646,-0.6878646,-19.54061879336445,5.816105121239768e-85,1.876987138188504e-78,True,0.6878646,2
neuron_neuron,L4N659,4,659,L5N762,5,762,0.6862285,0.6862285,19.50399463853139,1.1034592474766867e-84,3.542753427968948e-78,True,0.6862285,1
neuron_neuron,L1N1450,1,1450,L3N2265,3,2265,0.6837021,0.6837021,19.4863662170328,1.534441818809698e-84,4.901197156782142e-78,True,0.6837021,2
neuron_neuron,L1N1450,1,1450,L2N2331,2,2331,0.6879691,-0.6879691,-19.48303958935018,1.899136713132528e-84,6.035128427536397e-78,True,0.6879691,1
neuron_neuron,L0N2485,0,2485,L1N1303,1,1303,0.6855265,0.6855265,19.48407769615108,1.9204892992658664e-84,6.0720036474893445e-78,True,0.6855265,1
neuron_neuron,L1N455,1,455,L2N2489,2,2489,0.68755955,-0.68755955,-19.471420527447044,2.504706617872269e-84,7.800334482229837e-78,True,0.68755955,1
neuron_neuron,L0N2403,0,2403,L1N802,1,802,0.6872031,-0.6872031,-19.46130817259612,2.504706617872269e-84,7.800334482229837e-78,True,0.6872031,1
neuron_neuron,L7N2477,7,2477,L8N2079,8,2079,0.6874192,-0.6874192,-19.467438153588525,2.504706617872269e-84,7.800334482229837e-78,True,0.6874192,1
neuron_neuron,L1N1886,1,1886,L3N2108,3,2108,0.68224,0.68224,19.444763114669367,3.5281966279165054e-84,1.0933093982809062e-77,True,0.68224,2
neuron_neuron,L1N1120,1,1120,L2N2991,2,2991,0.68608505,-0.68608505,-19.429587846125585,4.3540836753737385e-84,1.3425539903610316e-77,True,0.68608505,1
neuron_neuron,L2N2394,2,2394,L3N900,3,900,0.6839074,0.6839074,19.438142577895107,4.4029309934210005e-84,1.350927987683895e-77,True,0.6839074,1
neuron_neuron,L0N1046,0,1046,L1N79,1,79,0.6828537,0.6828537,19.40824856300301,7.647619511277334e-84,2.334976227614874e-77,True,0.6828537,1
neuron_neuron,L9N2468,9,2468,L11N681,11,681,0.6808778,0.6808778,19.406002523498813,8.097788562250869e-84,2.460361543040856e-77,True,0.6808778,2
neuron_neuron,L0N2053,0,2053,L1N1462,1,1462,0.6847165,-0.6847165,-19.390761814791578,9.964447819501437e-84,3.0128143772078796e-77,True,0.6847165,1
neuron_neuron,L0N2260,0,2260,L1N79,1,79,0.68247586,0.68247586,19.39752912865517,1.0075991466529858e-83,3.031822724558821e-77,True,0.68247586,1
neuron_neuron,L1N242,1,242,L6N3039,6,3039,0.68098426,-0.68098426,-19.39159230294707,1.1370208800151132e-83,3.4047988794804807e-77,True,0.68098426,5
neuron_neuron,L3N1226,3,1226,L4N60,4,60,0.6836,-0.6836,-19.359085455081267,1.7287092474662544e-83,5.151835973949656e-77,True,0.6836,1
neuron_neuron,L2N2980,2,2980,L4N1727,4,1727,0.6787683,0.6787683,19.34597737067181,2.444693670446484e-83,7.250893254515062e-77,True,0.6787683,2
neuron_neuron,L0N2485,0,2485,L2N2135,2,2135,0.678142,0.678142,19.328157403426296,3.2208453530022248e-83,9.507662916116484e-77,True,0.678142,2
neuron_neuron,L1N242,1,242,L2N2991,2,2991,0.68241125,-0.68241125,-19.325359567932946,3.944315527908042e-83,1.1533959022540243e-76,True,0.68241125,1
neuron_neuron,L2N2750,2,2750,L3N393,3,393,0.6822778,-0.6822778,-19.321573353466185,3.944315527908042e-83,1.1533959022540243e-76,True,0.6822778,1
neuron_neuron,L1N2396,1,2396,L5N1752,5,1752,0.677471,-0.677471,-19.318403058523803,4.666618102420812e-83,1.3582347773636539e-76,True,0.677471,4
neuron_neuron,L0N2831,0,2831,L1N2553,1,2553,0.6820116,-0.6820116,-19.31402121688353,5.190557183155309e-83,1.4967407644431717e-76,True,0.6820116,1
neuron_neuron,L0N54,0,54,L1N802,1,802,0.6817884,-0.6817884,-19.307688312382407,5.190557183155309e-83,1.4967407644431717e-76,True,0.6817884,1
neuron_neuron,L4N1073,4,1073,L5N1365,5,1365,0.6815211,-0.6815211,-19.300105737273448,6.829189973836021e-83,1.9601793895700543e-76,True,0.6815211,1
neuron_neuron,L9N2159,9,2159,L10N2194,10,2194,0.6810759,-0.6810759,-19.28747374885598,8.983328725249722e-83,2.543319783380012e-76,True,0.6810759,1
neuron_neuron,L0N1980,0,1980,L1N79,1,79,0.6807271,-0.6807271,-19.27757953677692,8.983328725249722e-83,2.543319783380012e-76,True,0.6807271,1
neuron_neuron,L10N1497,10,1497,L11N562,11,562,0.6809719,-0.6809719,-19.284524593862667,8.983328725249722e-83,2.543319783380012e-76,True,0.6809719,1
neuron_neuron,L2N2769,2,2769,L3N3028,3,3028,0.68038243,-0.68038243,-19.267800314686127,1.1814579640954978e-82,3.3297556058763984e-76,True,0.68038243,1
neuron_neuron,L2N2769,2,2769,L6N203,6,203,0.67528534,-0.67528534,-19.256008763870383,1.406679749867714e-82,3.9466500517386894e-76,True,0.67528534,4
neuron_neuron,L3N1975,3,1975,L4N1315,4,1315,0.6800285,-0.6800285,-19.257758983063244,1.5535031594835357e-82,4.3390398233247215e-76,True,0.6800285,1
neuron_neuron,L8N2611,8,2611,L9N779,9,779,0.67736673,0.67736673,19.252579175351286,1.570766082077031e-82,4.367670372662155e-76,True,0.67736673,1
neuron_neuron,L1N2882,1,2882,L3N176,3,176,0.6768398,-0.6768398,-19.226916476664453,2.5397487447278328e-82,7.030635690544573e-76,True,0.6768398,2
neuron_neuron,L5N594,5,594,L6N42,6,42,0.6788573,-0.6788573,-19.224531949540516,2.6843462187704687e-82,7.398036134035033e-76,True,0.6788573,1
neuron_neuron,L1N3020,1,3020,L2N1929,2,1929,0.6761141,0.6761141,19.21704050485845,2.7141313866893293e-82,7.447171724933546e-76,True,0.6761141,1
neuron_neuron,L1N1462,1,1462,L2N854,2,854,0.6746516,0.6746516,19.175549411443324,6.155403659492026e-82,1.6815432795207774e-75,True,0.6746516,1
neuron_neuron,L0N2706,0,2706,L1N1429,1,1429,0.6736601,0.6736601,19.1474191400478,1.0614627336242143e-81,2.887058787508341e-75,True,0.6736601,1
neuron_neuron,L0N1175,0,1175,L3N1681,3,1681,0.6721672,-0.6721672,-19.12064353013555,1.7809409578764424e-81,4.822897634055093e-75,True,0.6721672,3
neuron_neuron,L0N2831,0,2831,L1N240,1,240,0.6752263,-0.6752263,-19.12151613931244,1.8089926396566887e-81,4.856631733084774e-75,True,0.6752263,1
neuron_neuron,L0N2702,0,2702,L1N1429,1,1429,0.6752236,-0.6752236,-19.121440042996674,1.8089926396566887e-81,4.856631733084774e-75,True,0.6752236,1
neuron_neuron,L2N1597,2,1597,L5N1866,5,1866,0.6705476,0.6705476,19.12787044440966,1.908014006626638e-81,5.100491119474012e-75,True,0.6705476,3
neuron_neuron,L2N1152,2,1152,L4N825,4,825,0.67226166,-0.67226166,-19.09664771639408,2.969143834806714e-81,7.903177528382108e-75,True,0.67226166,2
neuron_neuron,L2N410,2,410,L3N1533,3,1533,0.67441124,-0.67441124,-19.098393005494444,3.1145488646334675e-81,8.2549347533083e-75,True,0.67441124,1
neuron_neuron,L3N2496,3,2496,L4N1727,4,1727,0.6715966,0.6715966,19.088875707783718,3.1488779432900357e-81,8.275492303495342e-75,True,0.6715966,1
neuron_neuron,L1N1462,1,1462,L2N605,2,605,0.671614,0.671614,19.089369488321587,3.1488779432900357e-81,8.275492303495342e-75,True,0.671614,1
neuron_neuron,L7N1152,7,1152,L9N1374,9,1374,0.67161316,-0.67161316,-19.07819513776733,3.8980019156057423e-81,1.0201204396869642e-74,True,0.67161316,2
neuron_neuron,L10N2732,10,2732,L11N2912,11,2912,0.67340463,-0.67340463,-19.06983490370138,5.358028909406875e-81,1.3905293791232809e-74,True,0.67340463,1
neuron_neuron,L0N2831,0,2831,L1N636,1,636,0.67312515,-0.67312515,-19.061905667598367,5.358028909406875e-81,1.3905293791232809e-74,True,0.67312515,1
neuron_neuron,L0N1046,0,1046,L2N2135,2,2135,0.670949,-0.670949,-19.059296508756503,6.714300847291484e-81,1.7352822019909594e-74,True,0.670949,2
neuron_neuron,L1N2401,1,2401,L2N2991,2,2991,0.6729964,-0.6729964,-19.058253044441507,7.02553397059269e-81,1.808216093965468e-74,True,0.6729964,1
neuron_neuron,L2N110,2,110,L3N176,3,176,0.6720408,-0.6720408,-19.031142463677277,1.207164842113777e-80,3.0941877547393897e-74,True,0.6720408,1
neuron_neuron,L6N1099,6,1099,L8N2461,8,2461,0.6680841,-0.6680841,-18.977777833049284,2.6053390579810134e-80,6.6505992983136505e-74,True,0.6680841,2
neuron_neuron,L5N2868,5,2868,L6N2141,6,2141,0.6700946,-0.6700946,-18.975926976956103,2.714839236803055e-80,6.9018321181084906e-74,True,0.6700946,1
neuron_neuron,L1N1303,1,1303,L2N110,2,110,0.6677416,0.6677416,18.979506700703645,2.744584798545293e-80,6.949089493224963e-74,True,0.6677416,1
neuron_neuron,L1N1120,1,1120,L4N923,4,923,0.6654188,0.6654188,18.98177164987923,2.893848386511549e-80,7.297350039054381e-74,True,0.6654188,3
neuron_neuron,L0N1980,0,1980,L2N2135,2,2135,0.6657284,0.6657284,18.974936379503703,2.972530573165492e-80,7.465536232511377e-74,True,0.6657284,2
neuron_neuron,L0N2918,0,2918,L1N79,1,79,0.67001045,-0.67001045,-18.97353924367023,3.5554595811388246e-80,8.893705758782414e-74,True,0.67001045,1
neuron_neuron,L2N2769,2,2769,L6N2674,6,2674,0.6648747,-0.6648747,-18.95881188659652,4.3732626502384166e-80,1.089561905800568e-73,True,0.6648747,4
neuron_neuron,L2N2297,2,2297,L9N906,9,906,0.6668065,0.6668065,18.954456158194656,4.5767872023202074e-80,1.1357254482754212e-73,True,0.6668065,7
neuron_neuron,L0N1612,0,1612,L2N666,2,666,0.66490066,0.66490066,18.951383901618637,5.104732304720655e-80,1.2617078055579091e-73,True,0.66490066,2
neuron_neuron,L10N2794,10,2794,L11N562,11,562,0.66892165,-0.66892165,-18.94264921255619,6.094494348339282e-80,1.500387770927945e-73,True,0.66892165,1
neuron_neuron,L2N1104,2,1104,L3N1261,3,1261,0.6684247,-0.6684247,-18.928551101788265,7.976786780231834e-80,1.9560530322329983e-73,True,0.6684247,1
neuron_neuron,L4N1250,4,1250,L5N2868,5,2868,0.66776973,-0.66776973,-18.90996838147775,1.0438333810019034e-79,2.549631164715947e-73,True,0.66776973,1
neuron_neuron,L9N513,9,513,L10N1554,10,1554,0.6652836,0.6652836,18.909772036933965,1.0552275696735064e-79,2.5673940024773137e-73,True,0.6652836,1
neuron_neuron,L10N271,10,271,L11N2662,11,2662,0.6671825,-0.6671825,-18.893308361412306,1.365674725308408e-79,3.3097905136747224e-73,True,0.6671825,1
neuron_neuron,L1N1886,1,1886,L5N1866,5,1866,0.6623215,-0.6623215,-18.885925808124806,1.6925884252317745e-79,4.086184940860639e-73,True,0.6623215,4
neuron_neuron,L1N1303,1,1303,L2N2135,2,2135,0.6668523,-0.6668523,-18.883940059426656,1.7863899066539545e-79,4.2630664986942104e-73,True,0.6668523,1
neuron_neuron,L1N2882,1,2882,L2N2271,2,2271,0.6668228,-0.6668228,-18.88310299995321,1.7863899066539545e-79,4.2630664986942104e-73,True,0.6668228,1
neuron_neuron,L0N432,0,432,L1N824,1,824,0.66661805,-0.66661805,-18.877294314516263,1.7863899066539545e-79,4.2630664986942104e-73,True,0.66661805,1
neuron_neuron,L1N429,1,429,L9N1374,9,1374,0.6669975,-0.6669975,-18.88596013006175,1.8580437730034284e-79,4.417138411254125e-73,True,0.6669975,8
neuron_neuron,L9N2126,9,2126,L11N802,11,802,0.664146,-0.664146,-18.86572251412749,2.2567810478192364e-79,5.344659421045146e-73,True,0.664146,2
neuron_neuron,L0N587,0,587,L1N1675,1,1675,0.6663841,-0.6663841,-18.870657024752063,2.3362436524010874e-79,5.491090718081936e-73,True,0.6663841,1
neuron_neuron,L1N1303,1,1303,L2N410,2,410,0.66620934,-0.66620934,-18.86569892702248,2.3362436524010874e-79,5.491090718081936e-73,True,0.66620934,1
neuron_neuron,L2N1104,2,1104,L5N1021,5,1021,0.6632306,-0.6632306,-18.866076394003645,2.3460398605931128e-79,5.4933858990962515e-73,True,0.6632306,3
neuron_neuron,L4N1153,4,1153,L5N594,5,594,0.66325384,0.66325384,18.85218572721932,3.08797506530253e-79,7.203588262143639e-73,True,0.66325384,1
neuron_neuron,L2N1416,2,1416,L4N919,4,919,0.6613058,0.6613058,18.84909420289287,3.3664809316867007e-79,7.823979847007621e-73,True,0.6613058,2
neuron_neuron,L2N2585,2,2585,L3N1612,3,1612,0.66546774,-0.66546774,-18.84465914122728,3.993379404106696e-79,9.24644204614166e-73,True,0.66546774,1
neuron_neuron,L1N1462,1,1462,L4N2253,4,2253,0.6625575,-0.6625575,-18.84690206268899,4.018830679876079e-79,9.270908677759826e-73,True,0.6625575,3
neuron_neuron,L1N2834,1,2834,L2N940,2,940,0.66464925,-0.66464925,-18.821437927713404,5.219406662566845e-79,1.1996048225095825e-72,True,0.66464925,1
neuron_neuron,L1N925,1,925,L2N352,2,352,0.66440225,-0.66440225,-18.8144303025458,6.820474550627108e-79,1.5618238374649382e-72,True,0.66440225,1
neuron_neuron,L2N2830,2,2830,L3N1681,3,1681,0.6637675,-0.6637675,-18.79642253217664,8.910887189318422e-79,2.0330340705434037e-72,True,0.6637675,1
neuron_neuron,L1N2401,1,2401,L4N923,4,923,0.65904456,0.65904456,18.800195333625638,9.627413306149598e-79,2.1884942604875977e-72,True,0.65904456,3
neuron_neuron,L5N1856,5,1856,L7N232,7,232,0.66142523,-0.66142523,-18.788304788339342,1.1298694708309476e-78,2.5590686621314283e-72,True,0.66142523,2
neuron_neuron,L8N2368,8,2368,L9N2396,9,2396,0.663444,-0.663444,-18.7872436254658,1.1639657316363566e-78,2.626742316752524e-72,True,0.663444,1
neuron_neuron,L5N2969,5,2969,L6N470,6,470,0.6606872,0.6606872,18.779368317146417,1.1765854814981505e-78,2.6361192191415767e-72,True,0.6606872,1
neuron_neuron,L7N991,7,991,L8N2611,8,2611,0.6606257,0.6606257,18.777623174971477,1.1765854814981505e-78,2.6361192191415767e-72,True,0.6606257,1
neuron_neuron,L0N2556,0,2556,L2N2135,2,2135,0.6605961,-0.6605961,-18.764711606236716,1.4767650957759525e-78,3.296807382145552e-72,True,0.6605961,2
neuron_neuron,L1N824,1,824,L3N74,3,74,0.660568,-0.660568,-18.76391278596712,1.929776203816084e-78,4.292746805497986e-72,True,0.660568,2
neuron_neuron,L2N2830,2,2830,L6N203,6,203,0.6559994,0.6559994,18.74863533458758,2.4793858547929764e-78,5.495714427874688e-72,True,0.6559994,4
neuron_neuron,L1N2730,1,2730,L4N919,4,919,0.6582691,-0.6582691,-18.7247435915037,3.4327681636530093e-78,7.581964099725344e-72,True,0.6582691,3
neuron_neuron,L5N1856,5,1856,L6N956,6,956,0.66030586,-0.66030586,-18.698212627046622,5.757401597028644e-78,1.26714538635389e-71,True,0.66030586,1
neuron_neuron,L0N2544,0,2544,L1N1303,1,1303,0.6599799,-0.6599799,-18.688964388136966,7.509932871145806e-78,1.6470397218151348e-71,True,0.6599799,1
neuron_neuron,L0N1693,0,1693,L1N3020,1,3020,0.6565099,0.6565099,18.66085422394029,1.290759852056104e-77,2.820895167585864e-71,True,0.6565099,1
neuron_neuron,L8N1906,8,1906,L11N802,11,802,0.6559152,-0.6559152,-18.65769031139404,1.303185038892023e-77,2.838091614939503e-71,True,0.6559152,3
neuron_neuron,L3N1261,3,1261,L5N1021,5,1021,0.6556898,-0.6556898,-18.625106316063743,2.1248290213088517e-77,4.611353871824678e-71,True,0.6556898,2
neuron_neuron,L2N2830,2,2830,L3N145,3,145,0.65807784,-0.65807784,-18.63500195408211,2.1697174021371397e-77,4.6924217889931655e-71,True,0.65807784,1
neuron_neuron,L1N697,1,697,L2N2678,2,2678,0.6561816,-0.6561816,-18.58120354986346,4.798041092247367e-77,1.0340760475392935e-70,True,0.6561816,1
neuron_neuron,L0N1942,0,1942,L1N824,1,824,0.6547015,-0.6547015,-18.539211911793508,1.059109509916974e-76,2.274726714488264e-70,True,0.6547015,1
neuron_neuron,L2N2769,2,2769,L3N145,3,145,0.6523488,0.6523488,18.542801781716488,1.0704450148562586e-76,2.291172211090592e-70,True,0.6523488,1
neuron_neuron,L10N3032,10,3032,L11N44,11,44,0.65176725,0.65176725,18.526302409428773,1.3931962166323347e-76,2.971774099090998e-70,True,0.65176725,1
neuron_neuron,L3N1408,3,1408,L6N1813,6,1813,0.6513663,-0.6513663,-18.52811033997176,1.4201200143866342e-76,3.018865651665716e-70,True,0.6513663,3
neuron_neuron,L0N1612,0,1612,L6N834,6,834,0.6503407,-0.6503407,-18.51744633553377,1.7076552468420402e-76,3.617755602105128e-70,True,0.6503407,6
neuron_neuron,L1N1462,1,1462,L4N1198,4,1198,0.6481406,0.6481406,18.489585768227563,2.5753182766822168e-76,5.4374496974591776e-70,True,0.6481406,3
neuron_neuron,L2N2731,2,2731,L6N1653,6,1653,0.6463893,0.6463893,18.4742920331268,3.899051055968429e-76,8.204527391478081e-70,True,0.6463893,4
neuron_neuron,L2N2830,2,2830,L6N2674,6,2674,0.6456751,0.6456751,18.45390400949547,5.077949460894056e-76,1.0649231867812892e-69,True,0.6456751,4
neuron_neuron,L2N2830,2,2830,L3N3028,3,3028,0.6491776,0.6491776,18.45283226206951,5.1873488071495136e-76,1.0842153358746749e-69,True,0.6491776,1
neuron_neuron,L6N1095,6,1095,L9N465,9,465,0.648808,-0.648808,-18.455234976971997,5.315451324010284e-76,1.1072745432742784e-69,True,0.648808,3
neuron_neuron,L5N2925,5,2925,L6N2751,6,2751,0.65146166,-0.65146166,-18.44729601749211,6.672244029516854e-76,1.3852782811879436e-69,True,0.65146166,1
neuron_neuron,L4N1315,4,1315,L5N1723,5,1723,0.6490121,0.6490121,18.44813627387201,6.743273865473444e-76,1.395374110045526e-69,True,0.6490121,1
neuron_neuron,L0N1105,0,1105,L1N2882,1,2882,0.6484625,0.6484625,18.432543293256558,8.76413481966533e-76,1.8075422817891533e-69,True,0.6484625,1
neuron_neuron,L0N2053,0,2053,L5N1866,5,1866,0.6459683,0.6459683,18.430753377604347,9.09205120934365e-76,1.868984083564325e-69,True,0.6459683,5
neuron_neuron,L1N1886,1,1886,L2N854,2,854,0.65029377,-0.65029377,-18.41416199057754,1.126855853122143e-75,2.3012027469107608e-69,True,0.65029377,1
neuron_neuron,L0N1175,0,1175,L1N3041,1,3041,0.6502076,-0.6502076,-18.41171676229753,1.126855853122143e-75,2.3012027469107608e-69,True,0.6502076,1
neuron_neuron,L1N1120,1,1120,L10N60,10,60,0.6509149,-0.6509149,-18.408222632793223,1.3391166966302423e-75,2.725733280378226e-69,True,0.6509149,9
neuron_neuron,L1N1450,1,1450,L5N2938,5,2938,0.64556116,-0.64556116,-18.40746235119432,1.4680899425484292e-75,2.9688503392240623e-69,True,0.64556116,4
neuron_neuron,L2N1362,2,1362,L3N1991,3,1991,0.649844,-0.649844,-18.401401483937885,1.4639827021862164e-75,2.9688503392240623e-69,True,0.649844,1
neuron_neuron,L10N2732,10,2732,L11N1660,11,1660,0.647104,0.647104,18.394003045863982,1.479531685816614e-75,2.9823056365378125e-69,True,0.647104,1
neuron_neuron,L0N1046,0,1046,L1N824,1,824,0.6470294,0.6470294,18.3918858772564,1.921769251603768e-75,3.8488165343189246e-69,True,0.6470294,1
neuron_neuron,L2N2135,2,2135,L3N74,3,74,0.6468832,0.6468832,18.38773778253243,1.921769251603768e-75,3.8488165343189246e-69,True,0.6468832,1
neuron_neuron,L0N2485,0,2485,L3N900,3,900,0.6443937,0.6443937,18.382850977699523,2.1151403531275358e-75,4.222512609253555e-69,True,0.6443937,3
neuron_neuron,L2N1792,2,1792,L7N3060,7,3060,0.64540744,-0.64540744,-18.377540390261,2.3500185029326156e-75,4.676417773253214e-69,True,0.64540744,5
neuron_neuron,L0N1209,0,1209,L2N410,2,410,0.64413756,0.64413756,18.36058423186763,2.786729926631518e-75,5.510242168289705e-69,True,0.64413756,2
neuron_neuron,L1N1303,1,1303,L3N176,3,176,0.6444016,0.6444016,18.3680975520254,2.786729926631518e-75,5.510242168289705e-69,True,0.6444016,2
neuron_neuron,L1N788,1,788,L2N2297,2,2297,0.6482041,-0.6482041,-18.35487619647741,3.2063883868530507e-75,6.319975614002839e-69,True,0.6482041,1
neuron_neuron,L7N2151,7,2151,L10N853,10,853,0.64536494,-0.64536494,-18.3571560565442,3.3446720113379886e-75,6.571743919819184e-69,True,0.64536494,3
neuron_neuron,L1N224,1,224,L6N203,6,203,0.64334846,0.64334846,18.356079007931708,3.381664208000917e-75,6.623533225062419e-69,True,0.64334846,5
neuron_neuron,L0N1612,0,1612,L10N900,10,900,0.64438826,-0.64438826,-18.3559611519292,3.46055462371157e-75,6.75680497779659e-69,True,0.64438826,10
neuron_neuron,L1N2956,1,2956,L2N1416,2,1416,0.64528394,0.64528394,18.342365777013143,4.206390545433009e-75,8.161893403443521e-69,True,0.64528394,1
neuron_neuron,L8N1125,8,1125,L9N1237,9,1237,0.6452793,0.6452793,18.34223387673248,4.206390545433009e-75,8.161893403443521e-69,True,0.6452793,1
neuron_neuron,L2N1597,2,1597,L4N2253,4,2253,0.6454171,-0.6454171,-18.33280424174539,5.378147248731783e-75,1.0370901860417306e-68,True,0.6454171,2
neuron_neuron,L1N1825,1,1825,L3N486,3,486,0.64534307,-0.64534307,-18.33069779848671,5.378147248731783e-75,1.0370901860417306e-68,True,0.64534307,2
neuron_neuron,L10N2409,10,2409,L11N1043,11,1043,0.6471011,-0.6471011,-18.323583700404416,5.402160113201309e-75,1.038505497857699e-68,True,0.6471011,1
neuron_neuron,L0N162,0,162,L1N2537,1,2537,0.6447526,0.6447526,18.327291942374146,5.459315484783429e-75,1.043054378251757e-68,True,0.6447526,1
neuron_neuron,L9N2355,9,2355,L10N1061,10,1061,0.6446596,0.6446596,18.32465224573162,5.459315484783429e-75,1.043054378251757e-68,True,0.6446596,1
neuron_neuron,L10N1846,10,1846,L11N562,11,562,0.6468442,-0.6468442,-18.31629536438309,7.00991056153219e-75,1.3311438543657595e-68,True,0.6468442,1
neuron_neuron,L1N2628,1,2628,L2N719,2,719,0.64706945,-0.64706945,-18.32268576387836,7.00991056153219e-75,1.3311438543657595e-68,True,0.64706945,1
neuron_neuron,L0N999,0,999,L1N824,1,824,0.6461405,-0.6461405,-18.29633107318408,9.094323748635365e-75,1.7217134448982222e-68,True,0.6461405,1
neuron_neuron,L1N242,1,242,L3N1027,3,1027,0.64120126,0.64120126,18.277033737300595,1.3365312499985481e-74,2.5226182655972597e-68,True,0.64120126,2
neuron_neuron,L9N1237,9,1237,L10N1318,10,1318,0.6452081,-0.6452081,-18.26987830279393,1.5297660055937477e-74,2.8786135828833623e-68,True,0.6452081,1
neuron_neuron,L1N2821,1,2821,L2N1597,2,1597,0.64275575,0.64275575,18.270639080799583,1.5459010007404046e-74,2.900213387123217e-68,True,0.64275575,1
neuron_neuron,L2N2297,2,2297,L10N697,10,697,0.6452605,-0.6452605,-18.27039568755856,1.5569117211536177e-74,2.9120988509390477e-68,True,0.6452605,8
neuron_neuron,L5N594,5,594,L8N1627,8,1627,0.64217395,-0.64217395,-18.26625753522468,1.6055597917856126e-74,2.99410050824385e-68,True,0.64217395,3
neuron_neuron,L8N2461,8,2461,L10N977,10,977,0.64301986,-0.64301986,-18.264592453161832,1.9822323751407845e-74,3.6854974603802988e-68,True,0.64301986,2
neuron_neuron,L0N646,0,646,L4N923,4,923,0.6388869,0.6388869,18.26011909484839,2.007435979409842e-74,3.7212494600896405e-68,True,0.6388869,4
neuron_neuron,L0N41,0,41,L1N824,1,824,0.642026,0.642026,18.249935809823004,2.59824966259211e-74,4.802167861994355e-68,True,0.642026,1
neuron_neuron,L0N101,0,101,L6N203,6,203,0.6402439,-0.6402439,-18.22973621994481,3.2478822278111077e-74,5.9850796000476326e-68,True,0.6402439,6
neuron_neuron,L0N2702,0,2702,L1N2673,1,2673,0.64367694,-0.64367694,-18.22643745266591,3.3323738992082214e-74,6.0867533503791165e-68,True,0.64367694,1
neuron_neuron,L3N1261,3,1261,L4N2098,4,2098,0.64376456,-0.64376456,-18.22892326564766,3.3323738992082214e-74,6.0867533503791165e-68,True,0.64376456,1
neuron_neuron,L1N222,1,222,L2N854,2,854,0.64381206,-0.64381206,-18.23027101595137,3.3323738992082214e-74,6.0867533503791165e-68,True,0.64381206,1
neuron_neuron,L3N2101,3,2101,L4N2576,4,2576,0.64141476,0.64141476,18.232594304974125,3.367439843049745e-74,6.114938370012371e-68,True,0.64141476,1
neuron_neuron,L8N2368,8,2368,L9N1584,9,1584,0.6413945,0.6413945,18.23201935503277,3.367439843049745e-74,6.114938370012371e-68,True,0.6413945,1
neuron_neuron,L0N1140,0,1140,L4N825,4,825,0.6377255,0.6377255,18.22696260774439,3.3835066492348037e-74,6.1262533073472435e-68,True,0.6377255,4
neuron_neuron,L6N2005,6,2005,L8N529,8,529,0.63922966,0.63922966,18.220933149449905,3.785731924343628e-74,6.834663238117458e-68,True,0.63922966,2
neuron_neuron,L9N2396,9,2396,L10N2732,10,2732,0.6426116,-0.6426116,-18.19621368707215,5.594192732920149e-74,1.0070422329578034e-67,True,0.6426116,1
neuron_neuron,L4N2259,4,2259,L5N2526,5,2526,0.6424602,-0.6424602,-18.19191847280436,7.246005222107953e-74,1.3006352680217808e-67,True,0.6424602,1
neuron_neuron,L4N1181,4,1181,L6N1295,6,1295,0.6403355,-0.6403355,-18.18821098891237,7.269195643435201e-74,1.301048456913897e-67,True,0.6403355,2
neuron_neuron,L0N1209,0,1209,L1N2882,1,2882,0.6396268,0.6396268,18.181868500883255,7.322075692462513e-74,1.306757933447549e-67,True,0.6396268,1
neuron_neuron,L1N2401,1,2401,L10N60,10,60,0.64294744,-0.64294744,-18.18290295657133,8.479694712823572e-74,1.5090322833534434e-67,True,0.64294744,9
neuron_neuron,L2N676,2,676,L3N135,3,135,0.6419575,-0.6419575,-18.177656332200225,9.383671007067958e-74,1.6651448355227723e-67,True,0.6419575,1
neuron_neuron,L9N552,9,552,L10N1689,10,1689,0.64110726,-0.64110726,-18.153533800101805,1.2149539460333528e-73,2.1498269887955287e-67,True,0.64110726,1
neuron_neuron,L6N1095,6,1095,L7N2813,7,2813,0.6409461,-0.6409461,-18.148961257038778,1.572750282911873e-73,2.767214777369584e-67,True,0.6409461,1
neuron_neuron,L0N2485,0,2485,L1N79,1,79,0.6406397,-0.6406397,-18.140269366748846,1.572750282911873e-73,2.767214777369584e-67,True,0.6406397,1
neuron_neuron,L3N1612,3,1612,L4N2622,4,2622,0.64057016,-0.64057016,-18.1382959356266,2.035507193693693e-73,3.571335466856133e-67,True,0.64057016,1
neuron_neuron,L5N2848,5,2848,L6N1170,6,1170,0.63801557,0.63801557,18.13615659848688,2.0568098616602127e-73,3.5884945259247346e-67,True,0.63801557,1
neuron_neuron,L0N1209,0,1209,L1N2537,1,2537,0.6377026,0.6377026,18.127277003951384,2.0568098616602127e-73,3.5884945259247346e-67,True,0.6377026,1
neuron_neuron,L1N1120,1,1120,L3N1027,3,1027,0.63604176,0.63604176,18.13022380061968,2.323143176569573e-73,4.0418417727141967e-67,True,0.63604176,2
neuron_neuron,L3N2108,3,2108,L5N1866,5,1866,0.6351973,0.6351973,18.106194744187352,3.008059685018631e-73,5.2188925911230894e-67,True,0.6351973,2
neuron_neuron,L0N1726,0,1726,L4N825,4,825,0.6347363,-0.6347363,-18.09844137308469,3.533829545731636e-73,6.114056602079408e-67,True,0.6347363,4
neuron_neuron,L8N1474,8,1474,L11N789,11,789,0.6342649,0.6342649,18.09432254032298,3.863899867335773e-73,6.666609541194284e-67,True,0.6342649,3
neuron_neuron,L1N2710,1,2710,L2N2324,2,2324,0.6386585,-0.6386585,-18.084061245864216,4.407463611122521e-73,7.583444681538305e-67,True,0.6386585,1
neuron_neuron,L9N1806,9,1806,L11N1618,11,1618,0.6367813,-0.6367813,-18.08707796836892,4.444998528319355e-73,7.626957998450721e-67,True,0.6367813,2
neuron_neuron,L1N73,1,73,L5N2938,5,2938,0.6326821,0.6326821,18.082987292142537,4.546771953743668e-73,7.780153168165439e-67,True,0.6326821,4
neuron_neuron,L6N1095,6,1095,L9N1077,9,1077,0.63367647,0.63367647,18.07756091819084,5.002514268749985e-73,8.536539021123448e-67,True,0.63367647,3
neuron_neuron,L1N1130,1,1130,L2N1767,2,1767,0.63834715,-0.63834715,-18.075227309118183,5.69971660893685e-73,9.699705217218428e-67,True,0.63834715,1
neuron_neuron,L1N398,1,398,L4N825,4,825,0.63540995,-0.63540995,-18.073578681782863,6.066967961658376e-73,1.0296556230065813e-66,True,0.63540995,3
neuron_neuron,L0N1418,0,1418,L1N824,1,824,0.6378406,-0.6378406,-18.06085694264273,7.369375839009153e-73,1.2472951847881325e-66,True,0.6378406,1
neuron_neuron,L5N2330,5,2330,L9N1052,9,1052,0.6313719,0.6313719,18.04558542705822,9.873807055682378e-73,1.6666508514060185e-66,True,0.6313719,4
neuron_neuron,L10N2960,10,2960,L11N1506,11,1506,0.636766,-0.636766,-18.03036937648764,1.2311879057283368e-72,2.061426046036495e-66,True,0.636766,1
neuron_neuron,L5N1174,5,1174,L6N2973,6,2973,0.63663274,-0.63663274,-18.0265882351086,1.2311879057283368e-72,2.061426046036495e-66,True,0.63663274,1
neuron_neuron,L2N442,2,442,L3N1408,3,1408,0.63690966,-0.63690966,-18.03444475695432,1.2311879057283368e-72,2.061426046036495e-66,True,0.63690966,1
neuron_neuron,L9N2982,9,2982,L10N1886,10,1886,0.63420385,0.63420385,18.02801527863453,1.2440024288381124e-72,2.0717434971868544e-66,True,0.63420385,1
neuron_neuron,L1N222,1,222,L2N1597,2,1597,0.63442975,0.63442975,18.034424279451425,1.2440024288381124e-72,2.0717434971868544e-66,True,0.63442975,1
neuron_neuron,L4N923,4,923,L10N900,10,900,0.6326221,-0.6326221,-18.012552414538607,1.577387237219698e-72,2.6129845143484044e-66,True,0.6326221,6
neuron_neuron,L2N2612,2,2612,L8N2929,8,2929,0.632915,-0.632915,-18.020898582736223,1.577387237219698e-72,2.6129845143484044e-66,True,0.632915,6
neuron_neuron,L0N1993,0,1993,L1N2564,1,2564,0.63365966,0.63365966,18.012576181679847,1.6074367895395973e-72,2.648673718473e-66,True,0.63365966,1
neuron_neuron,L5N2723,5,2723,L6N7,6,7,0.6340864,0.6340864,18.024682260003896,1.6074367895395973e-72,2.648673718473e-66,True,0.6340864,1
neuron_neuron,L10N571,10,571,L11N611,11,611,0.63533205,-0.63533205,-17.989686595048898,2.654676889208243e-72,4.351253951116797e-66,True,0.63533205,1
neuron_neuron,L10N976,10,976,L11N2501,11,2501,0.63530785,-0.63530785,-17.989000037177746,2.654676889208243e-72,4.351253951116797e-66,True,0.63530785,1
neuron_neuron,L2N763,2,763,L6N1653,6,1653,0.6309843,-0.6309843,-17.991331932962424,2.7877432316655044e-72,4.557368567587432e-66,True,0.6309843,4
neuron_neuron,L8N2611,8,2611,L10N1037,10,1037,0.63064635,0.63064635,17.976701060059664,3.04957129586278e-72,4.972351096993671e-66,True,0.63064635,2
neuron_neuron,L0N2831,0,2831,L1N2193,1,2193,0.63493246,-0.63493246,-17.97834993502872,3.428203656917807e-72,5.575119723726398e-66,True,0.63493246,1
neuron_neuron,L6N790,6,790,L8N721,8,721,0.6301352,0.6301352,17.96215608631858,3.9406992467883887e-72,6.391877229478714e-66,True,0.6301352,2
neuron_neuron,L1N242,1,242,L10N60,10,60,0.6353332,-0.6353332,-17.967572241398056,3.955723814043796e-72,6.399581740510816e-66,True,0.6353332,9
neuron_neuron,L0N1612,0,1612,L6N3039,6,3039,0.6308387,-0.6308387,-17.961733184045933,4.4084931310154763e-72,7.113596413079078e-66,True,0.6308387,6
neuron_neuron,L0N1980,0,1980,L1N824,1,824,0.6344523,-0.6344523,-17.964727003477034,4.426235092528533e-72,7.123769689146306e-66,True,0.6344523,1
neuron_neuron,L2N2834,2,2834,L9N1849,9,1849,0.6321886,-0.6321886,-17.950805719718453,4.969614871582572e-72,7.977693857858849e-66,True,0.6321886,7
neuron_neuron,L0N2918,0,2918,L2N2135,2,2135,0.63007766,0.63007766,17.960519437570895,5.091200440654278e-72,8.151864504874405e-66,True,0.63007766,2
neuron_neuron,L0N1175,0,1175,L6N203,6,203,0.6291873,0.6291873,17.94297286803885,5.716801297081359e-72,9.083503516101275e-66,True,0.6291873,6
neuron_neuron,L1N2564,1,2564,L2N110,2,110,0.63385785,-0.63385785,-17.947862368873633,5.713671388379059e-72,9.083503516101275e-66,True,0.63385785,1
neuron_neuron,L1N1813,1,1813,L2N352,2,352,0.6336632,-0.6336632,-17.942339467378126,5.713671388379059e-72,9.083503516101275e-66,True,0.6336632,1
neuron_neuron,L0N2418,0,2418,L1N1098,1,1098,0.6314178,0.6314178,17.94897318993182,5.772860291539361e-72,9.149236527527581e-66,True,0.6314178,1
neuron_neuron,L0N1981,0,1981,L2N2585,2,2585,0.6316436,-0.6316436,-17.940888771005778,5.805415414158965e-72,9.154245692026299e-66,True,0.6316436,2
neuron_neuron,L0N2977,0,2977,L2N410,2,410,0.63174176,-0.63174176,-17.943682097935763,5.805415414158965e-72,9.154245692026299e-66,True,0.63174176,2
neuron_neuron,L5N1856,5,1856,L8N737,8,737,0.63101196,-0.63101196,-17.94829778119107,6.136103805158966e-72,9.651256775397552e-66,True,0.63101196,3
neuron_neuron,L6N1286,6,1286,L11N740,11,740,0.6289245,0.6289245,17.944950341267468,6.23034049820646e-72,9.774794452994757e-66,True,0.6289245,5
neuron_neuron,L0N2306,0,2306,L2N2678,2,2678,0.6294088,0.6294088,17.941486823843935,6.576268031713823e-72,1.0291597476401204e-65,True,0.6294088,2
neuron_neuron,L0N1981,0,1981,L1N1886,1,1886,0.63358915,-0.63358915,-17.94023920906293,7.374098939645608e-72,1.1511248327880382e-65,True,0.63358915,1
neuron_neuron,L9N2558,9,2558,L10N3066,10,3066,0.630643,0.630643,17.926991500850338,7.45042817010978e-72,1.160132515081803e-65,True,0.630643,1
neuron_neuron,L9N945,9,945,L11N2662,11,2662,0.63080925,-0.63080925,-17.917148036114494,9.6822098597339e-72,1.503891405040628e-65,True,0.63080925,2
neuron_neuron,L0N293,0,293,L4N923,4,923,0.627081,0.627081,17.923090532948766,1.0001562171365402e-71,1.5496304589324825e-65,True,0.627081,4
neuron_neuron,L0N2053,0,2053,L3N2108,3,2108,0.630086,-0.630086,-17.921920978129602,1.0238652010144445e-71,1.582428494663126e-65,True,0.630086,3
neuron_neuron,L6N1829,6,1829,L11N740,11,740,0.62894803,-0.62894803,-17.908395273445443,1.2163898594942785e-71,1.8753303581821517e-65,True,0.62894803,5
neuron_neuron,L1N1983,1,1983,L2N1597,2,1597,0.63252944,-0.63252944,-17.910174400217663,1.2275385000335149e-71,1.887845534976343e-65,True,0.63252944,1
neuron_neuron,L6N492,6,492,L8N1627,8,1627,0.62796396,0.62796396,17.900375564109346,1.4155717019834372e-71,2.171661824407677e-65,True,0.62796396,2
neuron_neuron,L1N1120,1,1120,L5N834,5,834,0.62736344,-0.62736344,-17.88796591230176,1.6807578532602757e-71,2.572154776323603e-65,True,0.62736344,4
neuron_neuron,L0N935,0,935,L2N2911,2,2911,0.62944597,-0.62944597,-17.878356916780767,2.0822330039076548e-71,3.170971773245602e-65,True,0.62944597,2
neuron_neuron,L0N2260,0,2260,L2N2135,2,2135,0.6295202,-0.6295202,-17.88046844806664,2.0822330039076548e-71,3.170971773245602e-65,True,0.6295202,2
neuron_neuron,L10N697,10,697,L11N932,11,932,0.62803155,0.62803155,17.852902436789496,3.4284172160057786e-71,5.195629854866526e-65,True,0.62803155,1
neuron_neuron,L0N2053,0,2053,L1N222,1,222,0.6276786,0.6276786,17.842888161634445,3.4284172160057786e-71,5.195629854866526e-65,True,0.6276786,1
neuron_neuron,L0N2403,0,2403,L2N410,2,410,0.628114,-0.628114,-17.840456202206145,3.4657288890085864e-71,5.239426214804646e-65,True,0.628114,2
neuron_neuron,L6N2538,6,2538,L7N232,7,232,0.6267964,0.6267964,17.81786092889301,5.6933495899044254e-71,8.586262434171121e-65,True,0.6267964,1
neuron_neuron,L0N101,0,101,L3N3028,3,3028,0.6261056,-0.6261056,-17.808535531818375,6.105240343571632e-71,9.185203497849214e-65,True,0.6261056,3
neuron_neuron,L7N1969,7,1969,L10N897,10,897,0.624273,0.624273,17.80969416838784,6.510211038964797e-71,9.770872105864504e-65,True,0.624273,3
neuron_neuron,L0N968,0,968,L1N824,1,824,0.6289492,-0.6289492,-17.808601037930703,7.259951247852921e-71,1.0869929615296066e-64,True,0.6289492,1
neuron_neuron,L3N1681,3,1681,L5N785,5,785,0.62681353,-0.62681353,-17.803452676426886,7.430799488452316e-71,1.1072498216783743e-64,True,0.62681353,2
neuron_neuron,L1N1450,1,1450,L3N2153,3,2153,0.6269048,-0.6269048,-17.80604926630534,7.430799488452316e-71,1.1072498216783743e-64,True,0.6269048,2
neuron_neuron,L5N1021,5,1021,L9N1077,9,1077,0.62304306,0.62304306,17.807818736845903,7.725457243976025e-71,1.148408844559734e-64,True,0.62304306,4
neuron_neuron,L0N1993,0,1993,L2N2271,2,2271,0.6243108,0.6243108,17.796427168518058,8.409206061150863e-71,1.2441113641182262e-64,True,0.6243108,2
neuron_neuron,L1N1303,1,1303,L3N1718,3,1718,0.62440974,0.62440974,17.79924254356589,8.409206061150863e-71,1.2441113641182262e-64,True,0.62440974,2
neuron_neuron,L6N492,6,492,L9N85,9,85,0.62467813,-0.62467813,-17.767872637932367,1.3083561129666682e-70,1.931078262533226e-64,True,0.62467813,3
neuron_neuron,L1N1765,1,1765,L2N2992,2,2992,0.62729025,-0.62729025,-17.761534621113654,1.5503909509750764e-70,2.2829017225411992e-64,True,0.62729025,1
neuron_neuron,L0N1993,0,1993,L1N1098,1,1098,0.62487674,0.62487674,17.76339795018332,1.566286842898548e-70,2.3008685160189567e-64,True,0.62487674,1
neuron_neuron,L1N824,1,824,L3N900,3,900,0.6228218,0.6228218,17.754059166066337,1.7992007257874123e-70,2.636799124575288e-64,True,0.6228218,2
neuron_neuron,L1N73,1,73,L2N1153,2,1153,0.62680215,-0.62680215,-17.74768678267314,1.9957351841837387e-70,2.9179622765151288e-64,True,0.62680215,1
neuron_neuron,L10N2646,10,2646,L11N2550,11,2550,0.6264821,-0.6264821,-17.738607646687413,2.5684879224179908e-70,3.737834921242981e-64,True,0.6264821,1
neuron_neuron,L7N1152,7,1152,L8N1631,8,1631,0.626332,-0.626332,-17.73434794403365,2.5684879224179908e-70,3.737834921242981e-64,True,0.626332,1
neuron_neuron,L1N224,1,224,L3N1681,3,1681,0.62437415,-0.62437415,-17.73404180943441,2.63846905378976e-70,3.8307258367569015e-64,True,0.62437415,2
neuron_neuron,L1N567,1,567,L2N2075,2,2075,0.62600726,-0.62600726,-17.72513521673802,3.304951324021877e-70,4.787215413686774e-64,True,0.62600726,1
neuron_neuron,L3N1226,3,1226,L4N1076,4,1076,0.6234411,0.6234411,17.722667819925874,3.338755323993116e-70,4.82495960406305e-64,True,0.6234411,1
neuron_neuron,L2N2840,2,2840,L4N1819,4,1819,0.6240221,-0.6240221,-17.724025179896763,3.3974457555001434e-70,4.898410110714062e-64,True,0.6240221,2
neuron_neuron,L4N2055,4,2055,L5N613,5,613,0.62554824,-0.62554824,-17.71211260056628,4.2517285857219126e-70,6.115950967159707e-64,True,0.62554824,1
neuron_neuron,L0N1986,0,1986,L1N79,1,79,0.6227967,0.6227967,17.704386102819953,4.2951817221013576e-70,6.164220587197896e-64,True,0.6227967,1
neuron_neuron,L8N1450,8,1450,L10N555,10,555,0.62317145,-0.62317145,-17.69981973852168,4.373865967782755e-70,6.262713892721976e-64,True,0.62317145,2
neuron_neuron,L1N73,1,73,L5N1174,5,1174,0.6190121,0.6190121,17.69274602259623,5.890308806791337e-70,8.41468635263688e-64,True,0.6190121,4
neuron_neuron,L1N3020,1,3020,L2N1711,2,1711,0.62449694,-0.62449694,-17.68228622684375,7.032427177572058e-70,1.0023286979242516e-63,True,0.62449694,1
neuron_neuron,L1N1359,1,1359,L3N393,3,393,0.62221473,-0.62221473,-17.672597097020038,7.244836476775249e-70,1.0302457584844348e-63,True,0.62221473,2
neuron_neuron,L6N622,6,622,L7N1033,7,1033,0.6237847,-0.6237847,-17.662080118463518,9.041583337382794e-70,1.2828217881572264e-63,True,0.6237847,1
neuron_neuron,L9N542,9,542,L11N2662,11,2662,0.6220882,-0.6220882,-17.66899646977513,9.321348949306426e-70,1.3195092774421712e-63,True,0.6220882,2
neuron_neuron,L10N2409,10,2409,L11N2794,11,2794,0.623213,-0.623213,-17.64585976600029,1.1622422615286765e-69,1.6377995677037734e-63,True,0.623213,1
neuron_neuron,L1N824,1,824,L2N1971,2,1971,0.6234308,-0.6234308,-17.652038786840638,1.1622422615286765e-69,1.6377995677037734e-63,True,0.6234308,1
neuron_neuron,L0N1046,0,1046,L2N2394,2,2394,0.61908275,0.61908275,17.647666821412443,1.3554746771940102e-69,1.9057855976915384e-63,True,0.61908275,2
neuron_neuron,L0N263,0,263,L1N2141,1,2141,0.62039185,0.62039185,17.636158146102478,1.508899080456254e-69,2.1167208223873132e-63,True,0.62039185,1
neuron_neuron,L0N2898,0,2898,L2N2271,2,2271,0.618585,0.618585,17.633503449710975,1.7431057857863577e-69,2.439776768780695e-63,True,0.618585,2
neuron_neuron,L1N2401,1,2401,L3N1027,3,1027,0.61794734,0.61794734,17.615359544734055,2.2411374638337065e-69,3.129824566418103e-63,True,0.61794734,2
neuron_neuron,L2N2148,2,2148,L3N1043,3,1043,0.62178934,-0.62178934,-17.60546953261994,2.4656461744773936e-69,3.435655340964188e-63,True,0.62178934,1
neuron_neuron,L1N277,1,277,L4N825,4,825,0.6189509,-0.6189509,-17.604726974863983,2.7096819666814205e-69,3.767269289887484e-63,True,0.6189509,3
neuron_neuron,L1N79,1,79,L3N74,3,74,0.61729264,0.61729264,17.596730581164554,2.880883274980517e-69,3.9963699024541344e-63,True,0.61729264,2
neuron_neuron,L0N2831,0,2831,L1N477,1,477,0.6212413,-0.6212413,-17.589920518764703,3.166902137974396e-69,4.363978142211974e-63,True,0.6212413,1
neuron_neuron,L9N2159,9,2159,L10N297,10,297,0.6214801,-0.6214801,-17.59669647292652,3.166902137974396e-69,4.363978142211974e-63,True,0.6214801,1
neuron_neuron,L2N2394,2,2394,L3N74,3,74,0.6211978,-0.6211978,-17.588687758449264,3.166902137974396e-69,4.363978142211974e-63,True,0.6211978,1
neuron_neuron,L9N1237,9,1237,L10N1886,10,1886,0.6190924,0.6190924,17.5992920176568,3.1990610179932994e-69,4.388873154110099e-63,True,0.6190924,1
neuron_neuron,L0N2053,0,2053,L1N2821,1,2821,0.61888474,0.61888474,17.593400471787128,3.1990610179932994e-69,4.388873154110099e-63,True,0.61888474,1
neuron_neuron,L1N781,1,781,L2N2505,2,2505,0.6209044,-0.6209044,-17.580362821504256,4.0667873292702727e-69,5.567066683082818e-63,True,0.6209044,1
neuron_neuron,L0N101,0,101,L1N3041,1,3041,0.61831164,0.61831164,17.577141225651392,4.108050996849728e-69,5.598942203831912e-63,True,0.61831164,1
neuron_neuron,L0N2898,0,2898,L1N2564,1,2564,0.61826247,0.61826247,17.57574612652898,4.108050996849728e-69,5.598942203831912e-63,True,0.61826247,1
neuron_neuron,L2N1104,2,1104,L6N1095,6,1095,0.6164279,-0.6164279,-17.57578514785568,4.4627496765210047e-69,6.069087619335736e-63,True,0.6164279,4
neuron_neuron,L4N1181,4,1181,L6N2430,6,2430,0.6164866,0.6164866,17.573795450579123,4.757482994895679e-69,6.455812632636829e-63,True,0.6164866,2
neuron_neuron,L3N176,3,176,L6N1170,6,1170,0.6157452,0.6157452,17.566771198036147,4.770570045059374e-69,6.459498525668474e-63,True,0.6157452,3
neuron_neuron,L0N1502,0,1502,L1N2703,1,2703,0.62033653,-0.62033653,-17.56425238594158,5.221330819088042e-69,7.03923709494351e-63,True,0.62033653,1
neuron_neuron,L8N1604,8,1604,L9N2995,9,2995,0.62013197,-0.62013197,-17.55844877359235,5.221330819088042e-69,7.03923709494351e-63,True,0.62013197,1
neuron_neuron,L9N2598,9,2598,L11N2662,11,2662,0.6184938,-0.6184938,-17.56672033912189,5.409755522137325e-69,7.277513272116882e-63,True,0.6184938,2
neuron_neuron,L1N2401,1,2401,L5N834,5,834,0.61605984,-0.61605984,-17.56527805004868,5.73819011794206e-69,7.702705806077721e-63,True,0.61605984,4
neuron_neuron,L8N1125,8,1125,L10N1318,10,1318,0.6159195,0.6159195,17.557657924326044,6.111835561676477e-69,8.18662818717583e-63,True,0.6159195,2
neuron_neuron,L0N2644,0,2644,L1N666,1,666,0.6196056,-0.6196056,-17.543515294380214,6.70230041519539e-69,8.9390911947267e-63,True,0.6196056,1
neuron_neuron,L0N935,0,935,L1N2564,1,2564,0.6199533,-0.6199533,-17.55337906793297,6.70230041519539e-69,8.9390911947267e-63,True,0.6199533,1
neuron_neuron,L0N1995,0,1995,L2N2911,2,2911,0.6178511,-0.6178511,-17.548432273374445,6.949077308318539e-69,9.248422218937112e-63,True,0.6178511,2
neuron_neuron,L3N1261,3,1261,L7N2813,7,2813,0.6154804,-0.6154804,-17.548737240691295,7.376650084064317e-69,9.79653960276633e-63,True,0.6154804,4
neuron_neuron,L0N2852,0,2852,L2N2271,2,2271,0.6154009,0.6154009,17.54290264546091,7.850159755216973e-69,1.0403201137444503e-62,True,0.6154009,2
neuron_neuron,L2N2747,2,2747,L4N955,4,955,0.61497116,0.61497116,17.53067442010256,1.008086379138881e-68,1.3331014410968306e-62,True,0.61497116,2
neuron_neuron,L10N2793,10,2793,L11N2912,11,2912,0.61871046,-0.61871046,-17.518119417264614,1.1036923778556076e-68,1.4564393458656334e-62,True,0.61871046,1
neuron_neuron,L4N923,4,923,L6N834,6,834,0.6167453,-0.6167453,-17.51696791320134,1.1459440271797829e-68,1.5089978564925508e-62,True,0.6167453,2
neuron_neuron,L1N73,1,73,L5N303,5,303,0.6142541,-0.6142541,-17.513729462508106,1.2183251660098727e-68,1.5994369974426053e-62,True,0.6142541,4
neuron_neuron,L2N2331,2,2331,L5N2938,5,2938,0.61577034,-0.61577034,-17.514125585217183,1.219760004976763e-68,1.5994369974426053e-62,True,0.61577034,3
neuron_neuron,L0N753,0,753,L1N1781,1,1781,0.6184971,-0.6184971,-17.512065532587968,1.4158900106239531e-68,1.8488322024430469e-62,True,0.6184971,1
neuron_neuron,L10N609,10,609,L11N584,11,584,0.6184012,-0.6184012,-17.509346357571197,1.4158900106239531e-68,1.8488322024430469e-62,True,0.6184012,1
neuron_neuron,L10N118,10,118,L11N44,11,44,0.6158859,0.6158859,17.508321408700166,1.4301984468169938e-68,1.8597182240967185e-62,True,0.6158859,1
neuron_neuron,L0N587,0,587,L1N2956,1,2956,0.61586505,0.61586505,17.507729548466415,1.4301984468169938e-68,1.8597182240967185e-62,True,0.61586505,1
neuron_neuron,L1N2821,1,2821,L2N605,2,605,0.6177123,-0.6177123,-17.48980144162353,1.8160337888285529e-68,2.3467306452611725e-62,True,0.6177123,1
neuron_neuron,L1N2730,1,2730,L2N2331,2,2331,0.6177628,-0.6177628,-17.491233743389206,1.8160337888285529e-68,2.3467306452611725e-62,True,0.6177628,1
neuron_neuron,L3N2108,3,2108,L4N2253,4,2253,0.6180583,-0.6180583,-17.499617866357585,1.8160337888285529e-68,2.3467306452611725e-62,True,0.6180583,1
neuron_neuron,L5N2330,5,2330,L9N2696,9,2696,0.61192226,0.61192226,17.490349541633158,1.997265424683379e-68,2.570258360396617e-62,True,0.61192226,4
neuron_neuron,L5N1021,5,1021,L9N2578,9,2578,0.6117311,0.6117311,17.48489265699072,1.997265424683379e-68,2.570258360396617e-62,True,0.6117311,4
neuron_neuron,L5N881,5,881,L6N127,6,127,0.6148657,0.6148657,17.479377752240545,2.3522908375978218e-68,3.014679210063857e-62,True,0.6148657,1
neuron_neuron,L2N1470,2,1470,L3N1080,3,1080,0.614864,0.614864,17.479328712392604,2.3522908375978218e-68,3.014679210063857e-62,True,0.614864,1
neuron_neuron,L1N242,1,242,L5N834,5,834,0.6127509,-0.6127509,-17.470816263043726,2.582011085382704e-68,3.2955252139027766e-62,True,0.6127509,4
neuron_neuron,L3N1261,3,1261,L6N1095,6,1095,0.61429536,-0.61429536,-17.47210946879883,2.5808777758323077e-68,3.2955252139027766e-62,True,0.61429536,3
neuron_neuron,L9N1684,9,1684,L11N2763,11,2763,0.6130009,0.6130009,17.474612840460367,2.735891951642443e-68,3.4847886290730947e-62,True,0.6130009,2
neuron_neuron,L10N1859,10,1859,L11N3059,11,3059,0.61663693,-0.61663693,-17.459291892088327,2.985736916113797e-68,3.779834575396868e-62,True,0.61663693,1
neuron_neuron,L10N2887,10,2887,L11N1618,11,1618,0.6169897,-0.6169897,-17.469299403126424,2.985736916113797e-68,3.779834575396868e-62,True,0.6169897,1
neuron_neuron,L5N1174,5,1174,L6N2287,6,2287,0.6166366,-0.6166366,-17.459281745912893,2.985736916113797e-68,3.779834575396868e-62,True,0.6166366,1
neuron_neuron,L1N242,1,242,L7N2402,7,2402,0.6135417,-0.6135417,-17.46885237816306,3.0897003031562074e-68,3.903514477766532e-62,True,0.6135417,6
neuron_neuron,L1N2730,1,2730,L3N2265,3,2265,0.6123107,0.6123107,17.45497305548815,3.509783191728073e-68,4.425269241921816e-62,True,0.6123107,2
neuron_neuron,L8N1760,8,1760,L9N374,9,374,0.61653936,-0.61653936,-17.45652367722362,3.827231610429994e-68,4.8157718557658895e-62,True,0.61653936,1
neuron_neuron,L9N1584,9,1584,L10N2732,10,2732,0.61393774,0.61393774,17.453050118014097,3.865782943198953e-68,4.844706088482866e-62,True,0.61393774,1
neuron_neuron,L0N2898,0,2898,L1N1098,1,1098,0.61403024,0.61403024,17.45567459539347,3.865782943198953e-68,4.844706088482866e-62,True,0.61403024,1
neuron_neuron,L0N1986,0,1986,L2N2135,2,2135,0.61441535,-0.61441535,-17.450670918852122,3.987690039148186e-68,4.987448325042108e-62,True,0.61441535,2
neuron_neuron,L1N224,1,224,L6N2674,6,2674,0.6111864,0.6111864,17.439358274172367,4.335582858833416e-68,5.411694890340201e-62,True,0.6111864,5
neuron_neuron,L0N646,0,646,L2N666,2,666,0.6120157,0.6120157,17.44657950662567,4.5016741773518925e-68,5.607772832602835e-62,True,0.6120157,2
neuron_neuron,L5N1344,5,1344,L6N7,6,7,0.61513746,-0.61513746,-17.416750669515608,6.284778304621437e-68,7.782306582812638e-62,True,0.61513746,1
neuron_neuron,L6N2526,6,2526,L7N258,7,258,0.615215,-0.615215,-17.418950698555918,6.284778304621437e-68,7.782306582812638e-62,True,0.615215,1
neuron_neuron,L1N1359,1,1359,L2N2750,2,2750,0.6154521,-0.6154521,-17.425677612869798,6.284778304621437e-68,7.782306582812638e-62,True,0.6154521,1
neuron_neuron,L0N2556,0,2556,L1N79,1,79,0.6129546,0.6129546,17.425158281741314,6.347981484067674e-68,7.844973359894486e-62,True,0.6129546,1
neuron_neuron,L3N2153,3,2153,L4N919,4,919,0.614905,-0.614905,-17.41015565548239,8.05122519088869e-68,9.930176186974676e-62,True,0.614905,1
neuron_neuron,L9N1920,9,1920,L10N976,10,976,0.6121941,0.6121941,17.403582439677262,8.132126895039561e-68,1.0010136237370048e-61,True,0.6121941,1
neuron_neuron,L7N2880,7,2880,L8N1778,8,1778,0.6145202,-0.6145202,-17.39923837071356,1.0312095371356762e-67,1.2643565620812556e-61,True,0.6145202,1
neuron_neuron,L5N1066,5,1066,L6N1295,6,1295,0.6143986,-0.6143986,-17.395788671065418,1.0312095371356762e-67,1.2643565620812556e-61,True,0.6143986,1
neuron_neuron,L0N2556,0,2556,L1N824,1,824,0.6119907,0.6119907,17.39781095688358,1.041563081921326e-67,1.2720429055139397e-61,True,0.6119907,1
neuron_neuron,L10N929,10,929,L11N3015,11,3015,0.61197585,0.61197585,17.397389890602994,1.041563081921326e-67,1.2720429055139397e-61,True,0.61197585,1
neuron_neuron,L1N2401,1,2401,L7N2402,7,2402,0.6106721,-0.6106721,-17.387082349325812,1.0727732129352016e-67,1.3075953840486982e-61,True,0.6106721,6
neuron_neuron,L9N2889,9,2889,L11N802,11,802,0.6121209,-0.6121209,-17.385384745905622,1.077435686773137e-67,1.3107134421877623e-61,True,0.6121209,2
neuron_neuron,L0N1981,0,1981,L3N1612,3,1612,0.61154544,-0.61154544,-17.393775372497323,1.149168270097179e-67,1.3952518892462753e-61,True,0.61154544,3
neuron_neuron,L0N646,0,646,L10N900,10,900,0.61052835,-0.61052835,-17.39156334003747,1.184079533573164e-67,1.4348421095557052e-61,True,0.61052835,10
neuron_neuron,L1N2324,1,2324,L3N630,3,630,0.60964346,0.60964346,17.379078345840334,1.2158313787632898e-67,1.4704575003261138e-61,True,0.60964346,2
neuron_neuron,L0N1105,0,1105,L1N824,1,824,0.61332154,-0.61332154,-17.365231772711518,1.6906574542997003e-67,2.0407616308043778e-61,True,0.61332154,1
neuron_neuron,L1N1120,1,1120,L7N2402,7,2402,0.60977334,-0.60977334,-17.361471468118665,1.762502486496494e-67,2.1233693955989278e-61,True,0.60977334,6
neuron_neuron,L0N1612,0,1612,L7N2402,7,2402,0.6108857,-0.6108857,-17.345575953909435,2.4566464047141354e-67,2.953923539611777e-61,True,0.6108857,7
neuron_neuron,L1N242,1,242,L2N714,2,714,0.6123212,-0.6123212,-17.33685122898858,2.7695937755515894e-67,3.3238014649304686e-61,True,0.6123212,1
neuron_neuron,L1N222,1,222,L3N1612,3,1612,0.61055404,-0.61055404,-17.340800059606,2.901750587859983e-67,3.475706497121205e-61,True,0.61055404,2
neuron_neuron,L2N605,2,605,L4N2253,4,2253,0.6077069,0.6077069,17.323975011319842,3.27319141069617e-67,3.9130918123940804e-61,True,0.6077069,2
neuron_neuron,L3N1975,3,1975,L4N1181,4,1181,0.609249,0.609249,17.320026993934896,3.5792067404483936e-67,4.2707351542548156e-61,True,0.609249,1
neuron_neuron,L2N2641,2,2641,L5N1196,5,1196,0.60855997,-0.60855997,-17.308731194078085,5.079722844188853e-67,6.049572512188324e-61,True,0.60855997,3
neuron_neuron,L3N176,3,176,L5N477,5,477,0.6067455,0.6067455,17.296618385102065,5.3640766719613535e-67,6.376025541726828e-61,True,0.6067455,2
neuron_neuron,L5N2055,5,2055,L6N1295,6,1295,0.6084109,0.6084109,17.296249431801293,5.8562260601106473e-67,6.947761275696591e-61,True,0.6084109,1
neuron_neuron,L2N2750,2,2750,L8N17,8,17,0.6072825,-0.6072825,-17.29049506950036,6.076413134043609e-67,7.195283462348079e-61,True,0.6072825,6
neuron_neuron,L1N1142,1,1142,L3N486,3,486,0.6064274,0.6064274,17.287566784722383,6.864760690404991e-67,8.113367445136715e-61,True,0.6064274,2
neuron_neuron,L2N1416,2,1416,L3N2265,3,2265,0.6105116,-0.6105116,-17.285511581283853,7.414676963505412e-67,8.73017442937747e-61,True,0.6105116,1
neuron_neuron,L8N918,8,918,L9N1489,9,1489,0.61036617,-0.61036617,-17.281385469939995,7.414676963505412e-67,8.73017442937747e-61,True,0.61036617,1
neuron_neuron,L6N1295,6,1295,L7N3023,7,3023,0.608071,0.608071,17.286607183078885,7.488636765196397e-67,8.800619702100623e-61,True,0.608071,1
neuron_neuron,L2N2489,2,2489,L8N2079,8,2079,0.60691273,-0.60691273,-17.279957904767343,7.778347201170858e-67,9.103046203610736e-61,True,0.60691273,6
neuron_neuron,L2N763,2,763,L4N2903,4,2903,0.6083544,-0.6083544,-17.27821054107278,7.78982314441264e-67,9.103046203610736e-61,True,0.6083544,2
neuron_neuron,L0N646,0,646,L6N3039,6,3039,0.60667807,-0.60667807,-17.27327111921707,7.778347201170858e-67,9.103046203610736e-61,True,0.60667807,6
neuron_neuron,L0N2184,0,2184,L1N2730,1,2730,0.6072214,0.6072214,17.2625032523021,9.574159060704661e-67,1.1125568369916128e-60,True,0.6072214,1
neuron_neuron,L1N2710,1,2710,L2N2641,2,2641,0.60740644,0.60740644,17.267752207060845,9.574159060704661e-67,1.1125568369916128e-60,True,0.60740644,1
neuron_neuron,L0N2977,0,2977,L1N117,1,117,0.607382,0.607382,17.267058885072736,9.574159060704661e-67,1.1125568369916128e-60,True,0.607382,1
neuron_neuron,L9N2696,9,2696,L10N2839,10,2839,0.6068143,0.6068143,17.250953522597776,1.2238028246728812e-66,1.4168227895658162e-60,True,0.6068143,1
neuron_neuron,L0N2053,0,2053,L1N1983,1,1983,0.6066225,0.6066225,17.245511790505752,1.2238028246728812e-66,1.4168227895658162e-60,True,0.6066225,1
neuron_neuron,L1N867,1,867,L3N1899,3,1899,0.60748917,-0.60748917,-17.25359127348585,1.2747819699940117e-66,1.4731043278427714e-60,True,0.60748917,2
neuron_neuron,L9N2877,9,2877,L11N2226,11,2226,0.60492074,0.60492074,17.244696763587434,1.4371140530040824e-66,1.6576156357670894e-60,True,0.60492074,2
neuron_neuron,L5N594,5,594,L6N492,6,492,0.60659677,0.60659677,17.24478126587438,1.5639944401548382e-66,1.7973070447295222e-60,True,0.60659677,1
neuron_neuron,L2N2199,2,2199,L3N513,3,513,0.606377,0.606377,17.238546441069133,1.5639944401548382e-66,1.7973070447295222e-60,True,0.606377,1
neuron_neuron,L0N293,0,293,L6N3039,6,3039,0.6052641,-0.6052641,-17.23298056122278,1.6295979366197854e-66,1.8631531980419747e-60,True,0.6052641,6
neuron_neuron,L3N176,3,176,L5N2848,5,2848,0.6067222,-0.6067222,-17.231767028837965,1.630266897498359e-66,1.8631531980419747e-60,True,0.6067222,2
neuron_neuron,L4N2045,4,2045,L6N790,6,790,0.607069,-0.607069,-17.241636105586956,1.630266897498359e-66,1.8631531980419747e-60,True,0.607069,2
neuron_neuron,L9N2850,9,2850,L10N2960,10,2960,0.60572386,0.60572386,17.220016142665035,1.998351586438212e-66,2.2796365691978287e-60,True,0.60572386,1
neuron_neuron,L0N2456,0,2456,L2N2911,2,2911,0.60646474,-0.60646474,-17.22444196568641,2.084461777816433e-66,2.3735203954708815e-60,True,0.60646474,2
neuron_neuron,L0N293,0,293,L2N666,2,666,0.6039721,0.6039721,17.21770308330956,2.349437676771985e-66,2.6654954336013905e-60,True,0.6039721,2
neuron_neuron,L1N73,1,73,L3N1616,3,1616,0.60395586,0.60395586,17.21724176884389,2.349437676771985e-66,2.6654954336013905e-60,True,0.60395586,2
neuron_neuron,L0N101,0,101,L3N145,3,145,0.60356414,0.60356414,17.219782528525105,2.3719095475889182e-66,2.686097619834405e-60,True,0.60356414,3
neuron_neuron,L1N709,1,709,L2N842,2,842,0.6078636,-0.6078636,-17.210385916299327,2.5277177800225684e-66,2.8573493541733877e-60,True,0.6078636,1
neuron_neuron,L0N521,0,521,L1N79,1,79,0.605271,0.605271,17.20716770250494,2.5528278904296233e-66,2.8752973426272493e-60,True,0.605271,1
neuron_neuron,L2N1195,2,1195,L3N135,3,135,0.60531443,0.60531443,17.20840046282038,2.5528278904296233e-66,2.8752973426272493e-60,True,0.60531443,1
neuron_neuron,L0N1612,0,1612,L2N2991,2,2991,0.60573757,-0.60573757,-17.20375065509392,2.6646586946948953e-66,2.9904391177231464e-60,True,0.60573757,2
neuron_neuron,L1N666,1,666,L3N1533,3,1533,0.60587037,-0.60587037,-17.207529363290647,2.6646586946948953e-66,2.9904391177231464e-60,True,0.60587037,2
neuron_neuron,L0N323,0,323,L3N74,3,74,0.60269624,0.60269624,17.19505947545925,3.0326216077629427e-66,3.397267869746567e-60,True,0.60269624,3
neuron_neuron,L2N1981,2,1981,L3N486,3,486,0.6073459,-0.6073459,-17.195697636326887,3.2284545541977534e-66,3.610154933209592e-60,True,0.6073459,1
neuron_neuron,L7N2880,7,2880,L8N1627,8,1627,0.60479397,0.60479397,17.193634395502933,3.2604993240931736e-66,3.639454328890022e-60,True,0.60479397,1
neuron_neuron,L2N2505,2,2505,L5N2868,5,2868,0.6044253,-0.6044253,-17.1909515948011,3.6436233122004183e-66,4.059831626438347e-60,True,0.6044253,3
neuron_neuron,L1N1359,1,1359,L8N17,8,17,0.6052028,-0.6052028,-17.18412162893957,3.6745724552403015e-66,4.087004787811921e-60,True,0.6052028,7
neuron_neuron,L9N135,9,135,L10N2775,10,2775,0.60687995,-0.60687995,-17.18247886076339,4.122623874931264e-66,4.560911837751821e-60,True,0.60687995,1
neuron_neuron,L8N1281,8,1281,L9N552,9,552,0.6066057,-0.6066057,-17.174698435233434,4.122623874931264e-66,4.560911837751821e-60,True,0.6066057,1
neuron_neuron,L8N2461,8,2461,L9N510,9,510,0.6069464,-0.6069464,-17.184364358365194,4.122623874931264e-66,4.560911837751821e-60,True,0.6069464,1
neuron_neuron,L9N3069,9,3069,L11N1736,11,1736,0.6023322,0.6023322,17.171040785905365,4.903612944254742e-66,5.40572680159488e-60,True,0.6023322,2
neuron_neuron,L0N2418,0,2418,L2N2271,2,2271,0.60226077,0.60226077,17.169008967045542,4.903612944254742e-66,5.40572680159488e-60,True,0.60226077,2
neuron_neuron,L0N2251,0,2251,L1N79,1,79,0.60627717,-0.60627717,-17.16537748206649,5.263391729060305e-66,5.761555975290924e-60,True,0.60627717,1
neuron_neuron,L4N1181,4,1181,L5N1723,5,1723,0.60619164,-0.60619164,-17.16295085510811,5.263391729060305e-66,5.761555975290924e-60,True,0.60619164,1
neuron_neuron,L10N976,10,976,L11N2187,11,2187,0.6065431,-0.6065431,-17.17292285453218,5.263391729060305e-66,5.761555975290924e-60,True,0.6065431,1
neuron_neuron,L2N493,2,493,L3N2377,3,2377,0.6064076,-0.6064076,-17.169077454042046,5.263391729060305e-66,5.761555975290924e-60,True,0.6064076,1
neuron_neuron,L9N1937,9,1937,L11N2662,11,2662,0.604381,-0.604381,-17.165151184784538,5.559799442442708e-66,6.075340565849703e-60,True,0.604381,2
neuron_neuron,L1N2633,1,2633,L2N789,2,789,0.60605913,-0.60605913,-17.15919169710918,6.718473629037129e-66,7.328597445184755e-60,True,0.60605913,1
neuron_neuron,L9N513,9,513,L10N270,10,270,0.6035029,0.6035029,17.157006702179995,6.784994615248548e-66,7.362477374782652e-60,True,0.6035029,1
neuron_neuron,L9N1489,9,1489,L10N1307,10,1307,0.60324293,0.60324293,17.14963043263823,6.784994615248548e-66,7.362477374782652e-60,True,0.60324293,1
neuron_neuron,L10N528,10,528,L11N2763,11,2763,0.6035028,0.6035028,17.157003320121518,6.784994615248548e-66,7.362477374782652e-60,True,0.6035028,1
neuron_neuron,L8N171,8,171,L10N1554,10,1554,0.6014812,0.6014812,17.146826864484954,8.000427006026669e-66,8.666259329518648e-60,True,0.6014812,2
neuron_neuron,L0N1422,0,1422,L3N74,3,74,0.6008935,0.6008935,17.143706632936293,8.087624466256942e-66,8.745504190840147e-60,True,0.6008935,3
neuron_neuron,L10N696,10,696,L11N2270,11,2270,0.60289603,0.60289603,17.139788642465586,8.65892262652607e-66,9.347046517343376e-60,True,0.60289603,1
neuron_neuron,L1N1450,1,1450,L3N1616,3,1616,0.6032922,-0.6032922,-17.134170187194943,9.069144031978009e-66,9.772930696972961e-60,True,0.6032922,2
neuron_neuron,L0N646,0,646,L6N834,6,834,0.601727,-0.601727,-17.132189625253837,9.087769528832545e-66,9.776087928756956e-60,True,0.601727,6
neuron_neuron,L8N2675,8,2675,L11N802,11,802,0.6025305,-0.6025305,-17.136975504081814,9.711220381940225e-66,1.042874803135988e-59,True,0.6025305,3
neuron_neuron,L5N2330,5,2330,L10N2839,10,2839,0.6005515,0.6005515,17.136230009748864,9.93696359288673e-66,1.0652803705002805e-59,True,0.6005515,5
neuron_neuron,L0N752,0,752,L1N2537,1,2537,0.60213214,0.60213214,17.118116411734896,1.1048190525077438e-65,1.182373067396223e-59,True,0.60213214,1
neuron_neuron,L7N999,7,999,L9N552,9,552,0.6027936,-0.6027936,-17.119981375357504,1.1579466012766213e-65,1.237104355293069e-59,True,0.6027936,2
neuron_neuron,L4N1315,4,1315,L7N3023,7,3023,0.6019509,-0.6019509,-17.120465170450032,1.240193594578393e-65,1.322704999564055e-59,True,0.6019509,3
neuron_neuron,L1N1120,1,1120,L2N714,2,714,0.6041369,-0.6041369,-17.104656004142203,1.3956067200875553e-65,1.4859135538474905e-59,True,0.6041369,1
neuron_neuron,L9N1375,9,1375,L11N802,11,802,0.60219336,-0.60219336,-17.102902564073375,1.4781659604946761e-65,1.5684528007050244e-59,True,0.60219336,2
neuron_neuron,L1N2730,1,2730,L3N2153,3,2153,0.60236764,-0.60236764,-17.107861694579313,1.4781659604946761e-65,1.5684528007050244e-59,True,0.60236764,2
neuron_neuron,L0N2403,0,2403,L3N1533,3,1533,0.60113895,-0.60113895,-17.097336441045247,1.5834975463843788e-65,1.6773605591485417e-59,True,0.60113895,3
neuron_neuron,L1N79,1,79,L2N1971,2,1971,0.60121655,0.60121655,17.09214051159022,1.7975649129416057e-65,1.9008841343542925e-59,True,0.60121655,1
neuron_neuron,L4N68,4,68,L5N2969,5,2969,0.6033169,-0.6033169,-17.081392514897342,2.2698094592011998e-65,2.39620377585401e-59,True,0.6033169,1
neuron_neuron,L1N802,1,802,L2N2271,2,2271,0.6006068,0.6006068,17.074841282472324,2.292190533937912e-65,2.41573667157496e-59,True,0.6006068,1
neuron_neuron,L6N1237,6,1237,L8N2897,8,2897,0.60132223,-0.60132223,-17.07811539158901,2.407297822132575e-65,2.528491440737689e-59,True,0.60132223,2
neuron_neuron,L8N1125,8,1125,L10N1886,10,1886,0.6014962,-0.6014962,-17.083066042049623,2.407297822132575e-65,2.528491440737689e-59,True,0.6014962,2
neuron_neuron,L0N1209,0,1209,L1N2564,1,2564,0.6030418,-0.6030418,-17.07358841495804,2.8938232101672415e-65,3.029293745304285e-59,True,0.6030418,1
neuron_neuron,L2N2331,2,2331,L3N2153,3,2153,0.60275036,-0.60275036,-17.065319281977928,2.8938232101672415e-65,3.029293745304285e-59,True,0.60275036,1
neuron_neuron,L4N923,4,923,L6N3039,6,3039,0.6008407,-0.6008407,-17.064413334353212,3.071155349641252e-65,3.2041571798858e-59,True,0.6008407,2
neuron_neuron,L4N1250,4,1250,L6N2141,6,2141,0.6009219,-0.6009219,-17.06672499470875,3.071155349641252e-65,3.2041571798858e-59,True,0.6009219,2
neuron_neuron,L0N1817,0,1817,L4N1378,4,1378,0.59843373,-0.59843373,-17.06209951690011,3.344059072363609e-65,3.483045235790084e-59,True,0.59843373,4
neuron_neuron,L2N1597,2,1597,L4N1198,4,1198,0.5983866,0.5983866,17.05877176984139,3.457820742683201e-65,3.5955225021525702e-59,True,0.5983866,2
neuron_neuron,L1N1675,1,1675,L3N1792,3,1792,0.60039884,-0.60039884,-17.051840819154677,3.91729412087308e-65,4.066504794087725e-59,True,0.60039884,2
neuron_neuron,L1N1825,1,1825,L4N2970,4,2970,0.5994946,-0.5994946,-17.050494906261868,4.200020552633088e-65,4.352745767209133e-59,True,0.5994946,3
neuron_neuron,L4N1153,4,1153,L5N2667,5,2667,0.60170233,-0.60170233,-17.03558591486356,4.700846008254589e-65,4.855624239713482e-59,True,0.60170233,1
neuron_neuron,L0N1995,0,1995,L1N666,1,666,0.60166526,-0.60166526,-17.034534094676726,4.700846008254589e-65,4.855624239713482e-59,True,0.60166526,1
neuron_neuron,L1N925,1,925,L2N1711,2,1711,0.5992025,0.5992025,17.03500063359474,4.7470826332337304e-65,4.895265049702087e-59,True,0.5992025,1
neuron_neuron,L0N1105,0,1105,L2N2824,2,2824,0.5996599,-0.5996599,-17.03081539477639,4.995546551611034e-65,5.134483285834723e-59,True,0.5996599,2
neuron_neuron,L8N1062,8,1062,L10N1886,10,1886,0.59996486,-0.59996486,-17.039492177152717,4.995546551611034e-65,5.134483285834723e-59,True,0.59996486,2
neuron_neuron,L9N2593,9,2593,L10N2172,10,2172,0.6014746,-0.6014746,-17.029124492140248,5.989595042012029e-65,6.146036396703536e-59,True,0.6014746,1
neuron_neuron,L0N706,0,706,L2N2643,2,2643,0.5993984,-0.5993984,-17.023373306999353,6.369308349818387e-65,6.5249179277930665e-59,True,0.5993984,2
neuron_neuron,L1N2821,1,2821,L4N1198,4,1198,0.5984618,-0.5984618,-17.02107547487171,6.831905639012803e-65,6.987324694049413e-59,True,0.5984618,3
neuron_neuron,L1N1120,1,1120,L5N587,5,587,0.59666646,-0.59666646,-17.011648431883504,6.9503509188560005e-65,7.0968112656781435e-59,True,0.59666646,4
neuron_neuron,L1N73,1,73,L2N1237,2,1237,0.59835637,0.59835637,17.010994782513837,7.705052125230453e-65,7.854539518716521e-59,True,0.59835637,1
neuron_neuron,L0N432,0,432,L3N900,3,900,0.59606403,0.59606403,17.00613466846539,9.261566349304744e-65,9.42582513169185e-59,True,0.59606403,3
neuron_neuron,L1N2537,1,2537,L2N2394,2,2394,0.60054463,-0.60054463,-17.002741053948906,9.71805108744742e-65,9.874271437879824e-59,True,0.60054463,1
neuron_neuron,L2N940,2,940,L3N1706,3,1706,0.5980304,0.5980304,17.00174654360418,9.81339768244792e-65,9.954911096470168e-59,True,0.5980304,1
neuron_neuron,L1N2628,1,2628,L8N1584,8,1584,0.5983466,-0.5983466,-16.989332624055802,1.1097131021412641e-64,1.1238852102760677e-58,True,0.5983466,7
neuron_neuron,L0N293,0,293,L10N900,10,900,0.5961237,-0.5961237,-16.981290014860562,1.1422792487424217e-64,1.1549892267604286e-58,True,0.5961237,10
neuron_neuron,L3N1975,3,1975,L5N1723,5,1723,0.59602195,0.59602195,16.991487698216368,1.16448926061461e-64,1.1736358602221778e-58,True,0.59602195,2
neuron_neuron,L7N2151,7,2151,L9N779,9,779,0.5957428,0.5957428,16.983545287765168,1.16448926061461e-64,1.1736358602221778e-58,True,0.5957428,2
neuron_neuron,L1N368,1,368,L2N2678,2,2678,0.6000307,-0.6000307,-16.988160999847782,1.237483622582063e-64,1.2451886954077058e-58,True,0.6000307,1
neuron_neuron,L0N1693,0,1693,L1N925,1,925,0.5972307,0.5972307,16.97905800430068,1.2496148156519565e-64,1.2553673650526084e-58,True,0.5972307,1
neuron_neuron,L9N2468,9,2468,L11N1036,11,1036,0.59809405,-0.59809405,-16.986259540630872,1.318544155171944e-64,1.3224809840512473e-58,True,0.59809405,2
neuron_neuron,L2N2750,2,2750,L9N270,9,270,0.5977109,-0.5977109,-16.97127245838235,1.4134177712049213e-64,1.4153587073926513e-58,True,0.5977109,7
neuron_neuron,L9N374,9,374,L11N234,11,234,0.59511334,0.59511334,16.965633736030142,1.4836771103526212e-64,1.4833297536774888e-58,True,0.59511334,2
neuron_neuron,L7N1969,7,1969,L10N738,10,738,0.5946173,0.5946173,16.9649233544063,1.5045409382097676e-64,1.501778138111541e-58,True,0.5946173,3
neuron_neuron,L4N2082,4,2082,L5N13,5,13,0.5994232,-0.5994232,-16.970926029840978,1.575479265484805e-64,1.5700700628692594e-58,True,0.5994232,1
neuron_neuron,L2N1718,2,1718,L4N1727,4,1727,0.5973936,-0.5973936,-16.966328042099484,1.6797849449981283e-64,1.668677853302865e-58,True,0.5973936,2
neuron_neuron,L9N2043,9,2043,L11N906,11,906,0.5973883,-0.5973883,-16.96617879330177,1.6797849449981283e-64,1.668677853302865e-58,True,0.5973883,2
neuron_neuron,L3N590,3,590,L4N2094,4,2094,0.59618133,0.59618133,16.94928743454305,2.0250164201695946e-64,2.0084233582335626e-58,True,0.59618133,1
neuron_neuron,L0N794,0,794,L4N825,4,825,0.59424007,-0.59424007,-16.94238155940944,2.3431420784311912e-64,2.320247620877012e-58,True,0.59424007,4
neuron_neuron,L7N2813,7,2813,L9N1077,9,1077,0.59425455,0.59425455,16.941197637422224,2.4070467476512822e-64,2.3797445104386082e-58,True,0.59425455,2
neuron_neuron,L0N1980,0,1980,L2N2394,2,2394,0.5965972,-0.5965972,-16.943667664982577,2.7246392526855423e-64,2.6852102048105277e-58,True,0.5965972,2
neuron_neuron,L8N1062,8,1062,L10N976,10,976,0.59614134,-0.59614134,-16.930696587653777,2.7246392526855423e-64,2.6852102048105277e-58,True,0.59614134,2
neuron_neuron,L0N1993,0,1993,L3N1533,3,1533,0.59521556,-0.59521556,-16.92860300463439,2.9262199754253207e-64,2.8793179114521947e-58,True,0.59521556,3
neuron_neuron,L0N2852,0,2852,L1N1098,1,1098,0.595244,0.595244,16.922694308726033,3.2789344557317564e-64,3.221290084632348e-58,True,0.595244,1
neuron_neuron,L3N1226,3,1226,L7N2531,7,2531,0.5916352,0.5916352,16.911208519837157,3.7801842497499424e-64,3.707879409512256e-58,True,0.5916352,4
neuron_neuron,L1N2956,1,2956,L3N2265,3,2265,0.59318364,0.59318364,16.91072544255212,3.901929367710766e-64,3.8212781073489785e-58,True,0.59318364,2
neuron_neuron,L4N2412,4,2412,L5N594,5,594,0.5975024,-0.5975024,-16.916430921575746,4.1308091127326664e-64,4.039076254220572e-58,True,0.5975024,1
neuron_neuron,L0N1307,0,1307,L4N825,4,825,0.59145266,0.59145266,16.905996659014026,4.815407009106068e-64,4.701091239292101e-58,True,0.59145266,4
neuron_neuron,L3N74,3,74,L6N127,6,127,0.5923035,0.5923035,16.89901275781517,5.04274684705202e-64,4.915329844803262e-58,True,0.5923035,3
neuron_neuron,L5N2969,5,2969,L6N1609,6,1609,0.5967743,-0.5967743,-16.895773308388623,5.253794895494689e-64,5.1050669615989304e-58,True,0.5967743,1
neuron_neuron,L8N55,8,55,L9N552,9,552,0.59663934,-0.59663934,-16.891944818190883,5.253794895494689e-64,5.1050669615989304e-58,True,0.59663934,1
neuron_neuron,L6N2062,6,2062,L11N740,11,740,0.5920294,0.5920294,16.893323394817696,6.193274704554784e-64,6.008577592931967e-58,True,0.5920294,5
neuron_neuron,L8N1393,8,1393,L9N2456,9,2456,0.59643036,-0.59643036,-16.886016069677943,6.680732068645215e-64,6.471417813233848e-58,True,0.59643036,1
neuron_neuron,L3N1612,3,1612,L4N2253,4,2253,0.5939538,0.5939538,16.886090289812447,6.745841825992388e-64,6.51422563734556e-58,True,0.5939538,1
neuron_neuron,L4N2253,4,2253,L5N1866,5,1866,0.59369373,0.59369373,16.87871232924144,6.745841825992388e-64,6.51422563734556e-58,True,0.59369373,1
neuron_neuron,L9N1849,9,1849,L11N932,11,932,0.59410393,-0.59410393,-16.872723605795375,7.151035207131652e-64,6.894817202247442e-58,True,0.59410393,2
neuron_neuron,L1N2541,1,2541,L4N1378,4,1378,0.5933676,-0.5933676,-16.875961459599452,7.686498871560216e-64,7.399640919633083e-58,True,0.5933676,3
neuron_neuron,L1N2537,1,2537,L5N1010,5,1010,0.59040546,0.59040546,16.876102051504525,7.809238059646323e-64,7.506197973662394e-58,True,0.59040546,4
neuron_neuron,L6N1609,6,1609,L7N3066,7,3066,0.59331787,0.59331787,16.8680486988585,8.576232225808537e-64,8.205440524963428e-58,True,0.59331787,1
neuron_neuron,L2N1416,2,1416,L3N2153,3,2153,0.59319216,0.59319216,16.86448231819285,8.576232225808537e-64,8.205440524963428e-58,True,0.59319216,1
neuron_neuron,L10N506,10,506,L11N2763,11,2763,0.5931696,0.5931696,16.863843109140397,8.576232225808537e-64,8.205440524963428e-58,True,0.5931696,1
neuron_neuron,L2N2135,2,2135,L6N127,6,127,0.59133965,-0.59133965,-16.859582225581686,1.0005537200482916e-63,9.52903716860389e-58,True,0.59133965,4
neuron_neuron,L1N2401,1,2401,L5N587,5,587,0.5911261,-0.5911261,-16.853485556522173,1.0005537200482916e-63,9.52903716860389e-58,True,0.5911261,4
neuron_neuron,L2N493,2,493,L6N1554,6,1554,0.59129536,-0.59129536,-16.858317970736245,1.0005537200482916e-63,9.52903716860389e-58,True,0.59129536,4
neuron_neuron,L5N2055,5,2055,L6N2430,6,2430,0.5955406,-0.5955406,-16.86077238519388,1.0796047720210702e-63,1.0266203147106852e-57,True,0.5955406,1
neuron_neuron,L0N1942,0,1942,L2N2394,2,2394,0.59326595,-0.59326595,-16.848879414351128,1.1571069629294217e-63,1.0986415654143972e-57,True,0.59326595,2
neuron_neuron,L1N242,1,242,L5N587,5,587,0.5908619,-0.5908619,-16.845944267861345,1.2735194261635932e-63,1.2054967356390516e-57,True,0.5908619,4
neuron_neuron,L7N1318,7,1318,L11N802,11,802,0.5908186,-0.5908186,-16.844707237884716,1.2735194261635932e-63,1.2054967356390516e-57,True,0.5908186,4
neuron_neuron,L5N1907,5,1907,L6N1818,6,1818,0.59505385,-0.59505385,-16.84696344042587,1.3720015339388538e-63,1.2947830924063208e-57,True,0.59505385,1
neuron_neuron,L4N2258,4,2258,L5N594,5,594,0.59471357,-0.59471357,-16.837309354498785,1.3720015339388538e-63,1.2947830924063208e-57,True,0.59471357,1
neuron_neuron,L10N2478,10,2478,L11N1936,11,1936,0.59240454,0.59240454,16.84213705782492,1.385339287244838e-63,1.3053923084817754e-57,True,0.59240454,1
neuron_neuron,L5N2969,5,2969,L7N704,7,704,0.5929113,-0.5929113,-16.838788160414627,1.471446456198009e-63,1.3823476967074572e-57,True,0.5929113,2
neuron_neuron,L0N1150,0,1150,L2N2271,2,2271,0.5928983,-0.5928983,-16.838418430438466,1.471446456198009e-63,1.3823476967074572e-57,True,0.5928983,2
neuron_neuron,L1N1813,1,1813,L2N1929,2,1929,0.594275,-0.594275,-16.82486676135612,1.7432406838645217e-63,1.6327589232096412e-57,True,0.594275,1
neuron_neuron,L1N277,1,277,L2N2678,2,2678,0.59434694,-0.59434694,-16.826907833647937,1.7432406838645217e-63,1.6327589232096412e-57,True,0.59434694,1
neuron_neuron,L0N162,0,162,L1N2882,1,2882,0.59199935,0.59199935,16.830641441056255,1.760173148889241e-63,1.6461428527675566e-57,True,0.59199935,1
neuron_neuron,L0N445,0,445,L4N825,4,825,0.58822,0.58822,16.813712861514006,2.0488133153338692e-63,1.9132111900121132e-57,True,0.58822,4
neuron_neuron,L3N1408,3,1408,L5N762,5,762,0.59163994,-0.59163994,-16.802612287059066,2.3780648887178256e-63,2.217346662632929e-57,True,0.59163994,2
neuron_neuron,L0N323,0,323,L3N900,3,900,0.59099036,-0.59099036,-16.808244302438165,2.558769017868742e-63,2.382271877904867e-57,True,0.59099036,3
neuron_neuron,L1N2882,1,2882,L3N1533,3,1533,0.58912647,0.58912647,16.795281497518545,2.6727387024679786e-63,2.480963303519171e-57,True,0.58912647,2
neuron_neuron,L1N2834,1,2834,L3N1706,3,1706,0.5892636,0.5892636,16.799184014377015,2.6727387024679786e-63,2.480963303519171e-57,True,0.5892636,2
neuron_neuron,L3N1612,3,1612,L4N1198,4,1198,0.59311765,-0.59311765,-16.7920320466169,2.812559578628271e-63,2.606866649993322e-57,True,0.59311765,1
neuron_neuron,L0N587,0,587,L1N709,1,709,0.59089166,0.59089166,16.79921535367336,2.8398325941055107e-63,2.6243345689983494e-57,True,0.59089166,1
neuron_neuron,L0N2485,0,2485,L1N2882,1,2882,0.5909624,0.5909624,16.801222605380396,2.8398325941055107e-63,2.6243345689983494e-57,True,0.5909624,1
neuron_neuron,L0N1422,0,1422,L3N900,3,900,0.59058535,-0.59058535,-16.796707104060136,3.252582549705188e-63,3.001310399682907e-57,True,0.59058535,3
neuron_neuron,L1N2401,1,2401,L2N714,2,714,0.5926526,-0.5926526,-16.77883863649199,3.5714399624924815e-63,3.2906600306000694e-57,True,0.5926526,1
neuron_neuron,L4N1076,4,1076,L5N1625,5,1625,0.59043205,0.59043205,16.786175827209227,3.606042553849934e-63,3.3029978648614333e-57,True,0.59043205,1
neuron_neuron,L1N2536,1,2536,L2N2678,2,2678,0.59046966,0.59046966,16.787242866659216,3.606042553849934e-63,3.3029978648614333e-57,True,0.59046966,1
neuron_neuron,L0N2418,0,2418,L1N2564,1,2564,0.5902124,0.5902124,16.779944384462457,3.606042553849934e-63,3.3029978648614333e-57,True,0.5902124,1
neuron_neuron,L2N410,2,410,L3N176,3,176,0.5905121,0.5905121,16.78844687947759,3.606042553849934e-63,3.3029978648614333e-57,True,0.5905121,1
neuron_neuron,L8N2522,8,2522,L11N2662,11,2662,0.58988523,-0.58988523,-16.776763626186945,4.133689197577045e-63,3.7807422125093944e-57,True,0.58988523,3
neuron_neuron,L1N222,1,222,L5N1866,5,1866,0.588308,-0.588308,-16.773036069183725,4.241401764909714e-63,3.8735698909720377e-57,True,0.588308,4
neuron_neuron,L0N1693,0,1693,L2N352,2,352,0.5885997,0.5885997,16.780292169402443,4.3151926885427953e-63,3.935191285823399e-57,True,0.5885997,2
neuron_neuron,L9N2396,9,2396,L11N2912,11,2912,0.59020555,-0.59020555,-16.761797828910847,4.878495130587001e-63,4.442384369254289e-57,True,0.59020555,2
neuron_neuron,L1N734,1,734,L2N2934,2,2934,0.5913719,-0.5913719,-16.74250349122745,7.303751095999689e-63,6.641126477208686e-57,True,0.5913719,1
neuron_neuron,L2N1104,2,1104,L4N2098,4,2098,0.58911943,-0.58911943,-16.73089315172918,7.868456432675758e-63,7.144170110751536e-57,True,0.58911943,2
neuron_neuron,L2N2143,2,2143,L4N1809,4,1809,0.5870779,0.5870779,16.736991361964996,8.839120569592305e-63,7.990541184450229e-57,True,0.5870779,2
neuron_neuron,L9N2396,9,2396,L11N1660,11,1660,0.5869823,0.5869823,16.7342709634248,8.839120569592305e-63,7.990541184450229e-57,True,0.5869823,2
neuron_neuron,L6N2538,6,2538,L8N737,8,737,0.5868301,0.5868301,16.7299393562729,8.839120569592305e-63,7.990541184450229e-57,True,0.5868301,2
neuron_neuron,L0N10,0,10,L1N222,1,222,0.5909971,-0.5909971,-16.73187029937082,9.267005419572916e-63,8.365206852248477e-57,True,0.5909971,1
neuron_neuron,L0N2637,0,2637,L1N1940,1,1940,0.5881681,0.5881681,16.721945463613423,9.356487693417314e-63,8.421571001632914e-57,True,0.5881681,1
neuron_neuron,L2N2585,2,2585,L3N2108,3,2108,0.58816254,0.58816254,16.72178819789417,9.356487693417314e-63,8.421571001632914e-57,True,0.58816254,1
neuron_neuron,L1N802,1,802,L3N176,3,176,0.586376,0.586376,16.717019159216047,1.1221137973694945e-62,1.0070795803042737e-56,True,0.586376,2
neuron_neuron,L8N224,8,224,L10N226,10,226,0.5864929,0.5864929,16.72034503299243,1.1221137973694945e-62,1.0070795803042737e-56,True,0.5864929,2
neuron_neuron,L1N98,1,98,L2N2678,2,2678,0.5904144,-0.5904144,-16.715338797527558,1.1755627825853175e-62,1.0505081071240118e-56,True,0.5904144,1
neuron_neuron,L4N1374,4,1374,L5N2278,5,2278,0.59014094,-0.59014094,-16.70758035537771,1.1755627825853175e-62,1.0505081071240118e-56,True,0.59014094,1
neuron_neuron,L3N1279,3,1279,L4N1157,4,1157,0.59017974,-0.59017974,-16.708681215412486,1.1755627825853175e-62,1.0505081071240118e-56,True,0.59017974,1
neuron_neuron,L9N1038,9,1038,L11N2377,11,2377,0.58583003,0.58583003,16.70148371618103,1.4242203687556564e-62,1.2708904851700126e-56,True,0.58583003,2
neuron_neuron,L1N737,1,737,L2N480,2,480,0.5873217,0.5873217,16.697932848415558,1.5053296033676731e-62,1.3413458963425345e-56,True,0.5873217,1
neuron_neuron,L5N501,5,501,L7N2273,7,2273,0.5879768,-0.5879768,-16.69838065795393,1.6093050925026615e-62,1.431946208322266e-56,True,0.5879768,2
neuron_neuron,L1N2730,1,2730,L5N2938,5,2938,0.5852952,-0.5852952,-16.687029305499095,1.7848665008236886e-62,1.585893718295027e-56,True,0.5852952,4
neuron_neuron,L3N135,3,135,L5N1611,5,1611,0.5853566,0.5853566,16.688012316178067,1.807298670024549e-62,1.5989821961228396e-56,True,0.5853566,2
neuron_neuron,L1N1263,1,1263,L3N486,3,486,0.5854281,0.5854281,16.690047527056016,1.807298670024549e-62,1.5989821961228396e-56,True,0.5854281,2
neuron_neuron,L8N178,8,178,L10N1165,10,1165,0.58513504,0.58513504,16.681708250483616,1.807298670024549e-62,1.5989821961228396e-56,True,0.58513504,2
neuron_neuron,L0N3012,0,3012,L1N2564,1,2564,0.5893358,-0.5893358,-16.684737932413437,1.8905907494031004e-62,1.670301110459272e-56,True,0.5893358,1
neuron_neuron,L2N1470,2,1470,L4N2298,4,2298,0.58727336,-0.58727336,-16.678364358969294,2.0419552718123372e-62,1.801473516871049e-56,True,0.58727336,2
neuron_neuron,L1N1983,1,1983,L3N1612,3,1612,0.58475727,0.58475727,16.670958945029913,2.292952784831685e-62,2.020049708668678e-56,True,0.58475727,2
neuron_neuron,L0N1150,0,1150,L1N2564,1,2564,0.58865106,-0.58865106,-16.665311388512517,2.3968608336946512e-62,2.1026685955746597e-56,True,0.58865106,1
neuron_neuron,L0N935,0,935,L1N666,1,666,0.5887334,-0.5887334,-16.66764669989197,2.3968608336946512e-62,2.1026685955746597e-56,True,0.5887334,1
neuron_neuron,L6N1609,6,1609,L7N704,7,704,0.5887747,-0.5887747,-16.668818583154795,2.3968608336946512e-62,2.1026685955746597e-56,True,0.5887747,1
neuron_neuron,L0N521,0,521,L1N824,1,824,0.5863668,0.5863668,16.670840868972956,2.419926597635992e-62,2.1169400414514015e-56,True,0.5863668,1
neuron_neuron,L3N2265,3,2265,L4N919,4,919,0.5864575,0.5864575,16.67341461547515,2.419926597635992e-62,2.1169400414514015e-56,True,0.5864575,1
neuron_neuron,L4N2098,4,2098,L6N1095,6,1095,0.586777,-0.586777,-16.664239995476322,2.5903980890146734e-62,2.262889459119874e-56,True,0.586777,2
neuron_neuron,L0N1469,0,1469,L2N2394,2,2394,0.58438325,0.58438325,16.6603164881473,2.9085246067616913e-62,2.5336875583880967e-56,True,0.58438325,2
neuron_neuron,L1N222,1,222,L3N2108,3,2108,0.584545,0.584545,16.664919456749598,2.9085246067616913e-62,2.5336875583880967e-56,True,0.584545,2
neuron_neuron,L0N1175,0,1175,L3N3028,3,3028,0.5839923,0.5839923,16.662259938884485,2.9658689404705387e-62,2.5800331845432464e-56,True,0.5839923,3
neuron_neuron,L9N779,9,779,L10N1037,10,1037,0.58828616,-0.58828616,-16.654958907509606,3.0380930397344798e-62,2.6391755085860207e-56,True,0.58828616,1
neuron_neuron,L0N826,0,826,L2N2271,2,2271,0.5861757,-0.5861757,-16.647130656029024,3.285483153896293e-62,2.8501069602318888e-56,True,0.5861757,2
neuron_neuron,L1N567,1,567,L6N444,6,444,0.58497775,-0.58497775,-16.655103017151713,3.3202587625691037e-62,2.8762683302065068e-56,True,0.58497775,5
neuron_neuron,L6N162,6,162,L10N1307,10,1307,0.58360595,-0.58360595,-16.638805555062145,3.6514401187317142e-62,3.158770290999862e-56,True,0.58360595,4
neuron_neuron,L10N609,10,609,L11N2378,11,2378,0.5876588,-0.5876588,-16.63716082476612,3.8501024126146083e-62,3.326008658143421e-56,True,0.5876588,1
neuron_neuron,L8N15,8,15,L9N510,9,510,0.5852735,0.5852735,16.639824010665972,3.887090270081904e-62,3.3533106410285224e-56,True,0.5852735,1
neuron_neuron,L0N10,0,10,L2N854,2,854,0.58588696,-0.58588696,-16.638915188118364,4.1662413637111405e-62,3.5792561355747517e-56,True,0.58588696,2
neuron_neuron,L3N3035,3,3035,L5N2817,5,2817,0.58583164,-0.58583164,-16.637341291706083,4.1662413637111405e-62,3.5792561355747517e-56,True,0.58583164,2
neuron_neuron,L2N605,2,605,L4N1198,4,1198,0.5860616,-0.5860616,-16.64388449467869,4.1662413637111405e-62,3.5792561355747517e-56,True,0.5860616,2
neuron_neuron,L7N3001,7,3001,L8N1345,8,1345,0.5867971,-0.5867971,-16.61271361505376,6.179503633053109e-62,5.294263336602729e-56,True,0.5867971,1
neuron_neuron,L2N2199,2,2199,L3N2072,3,2072,0.58663046,-0.58663046,-16.607985497300717,6.179503633053109e-62,5.294263336602729e-56,True,0.58663046,1
neuron_neuron,L10N476,10,476,L11N2187,11,2187,0.5842377,0.5842377,16.610437304545655,6.238769019245596e-62,5.33769661689002e-56,True,0.5842377,1
neuron_neuron,L9N8,9,8,L11N60,11,60,0.5846354,-0.5846354,-16.60330238977237,6.695332288996615e-62,5.720460166884152e-56,True,0.5846354,2
neuron_neuron,L3N1004,3,1004,L6N1609,6,1609,0.5840188,-0.5840188,-16.609653377656795,7.224491276897384e-62,6.164115520695051e-56,True,0.5840188,3
neuron_neuron,L1N2348,1,2348,L2N442,2,442,0.5838659,0.5838659,16.59988866415099,7.901426252591719e-62,6.732470704428378e-56,True,0.5838659,1
neuron_neuron,L9N648,9,648,L11N3015,11,3015,0.58191824,0.58191824,16.59017633725689,9.522426305772851e-62,8.102571974706599e-56,True,0.58191824,2
neuron_neuron,L9N326,9,326,L10N1886,10,1886,0.5856384,-0.5856384,-16.57984000664204,9.910298894510318e-62,8.409633153575436e-56,True,0.5856384,1
neuron_neuron,L6N2430,6,2430,L7N3023,7,3023,0.5858374,-0.5858374,-16.585486353272017,9.910298894510318e-62,8.409633153575436e-56,True,0.5858374,1
neuron_neuron,L9N2850,9,2850,L10N3060,10,3060,0.58317065,0.58317065,16.580164499103958,1.000518304488368e-61,8.46707842525046e-56,True,0.58317065,1
neuron_neuron,L4N107,4,107,L5N2868,5,2868,0.5832389,0.5832389,16.58210072758294,1.000518304488368e-61,8.46707842525046e-56,True,0.5832389,1
neuron_neuron,L8N1599,8,1599,L11N2662,11,2662,0.583009,-0.583009,-16.58088763594663,1.1605318316384298e-61,9.768135953782518e-56,True,0.583009,3
neuron_neuron,L0N1175,0,1175,L3N145,3,145,0.58282375,-0.58282375,-16.575610577439065,1.1605318316384298e-61,9.768135953782518e-56,True,0.58282375,3
neuron_neuron,L2N2585,2,2585,L5N1866,5,1866,0.5830195,-0.5830195,-16.581186465514627,1.1605318316384298e-61,9.768135953782518e-56,True,0.5830195,3
neuron_neuron,L0N2556,0,2556,L3N900,3,900,0.58284605,-0.58284605,-16.576245590271057,1.1605318316384298e-61,9.768135953782518e-56,True,0.58284605,3
neuron_neuron,L10N297,10,297,L11N1234,11,1234,0.5828219,0.5828219,16.570270287024893,1.2666526899499628e-61,1.0646961902079371e-55,True,0.5828219,1
neuron_neuron,L0N432,0,432,L2N2824,2,2824,0.58341265,-0.58341265,-16.56851045981382,1.361937171199919e-61,1.1401723265450364e-55,True,0.58341265,2
neuron_neuron,L0N521,0,521,L2N2135,2,2135,0.5831748,-0.5831748,-16.561743383644636,1.361937171199919e-61,1.1401723265450364e-55,True,0.5831748,2
neuron_neuron,L6N42,6,42,L8N1627,8,1627,0.583299,-0.583299,-16.565276170526943,1.361937171199919e-61,1.1401723265450364e-55,True,0.583299,2
neuron_neuron,L0N10,0,10,L1N887,1,887,0.58491147,-0.58491147,-16.559216214039708,1.588077780293852e-61,1.327705807315902e-55,True,0.58491147,1
neuron_neuron,L10N865,10,865,L11N2377,11,2377,0.5826027,0.5826027,16.5640506814828,1.603256559319519e-61,1.3385991848087723e-55,True,0.5826027,1
neuron_neuron,L0N2485,0,2485,L2N2394,2,2394,0.58277935,-0.58277935,-16.55049036349864,1.7249517591192104e-61,1.4382775788052076e-55,True,0.58277935,2
neuron_neuron,L0N1612,0,1612,L2N1825,2,1825,0.58056885,0.58056885,16.551780388035297,1.9352717055406457e-61,1.6114866331041963e-55,True,0.58056885,2
neuron_neuron,L9N2025,9,2025,L10N1933,10,1933,0.58206767,0.58206767,16.54887200303097,2.028903848422646e-61,1.6871978234547302e-55,True,0.58206767,1
neuron_neuron,L2N676,2,676,L5N1365,5,1365,0.5812191,-0.5812191,-16.529899840907305,2.3592483330426168e-61,1.959290134614248e-55,True,0.5812191,3
neuron_neuron,L0N2852,0,2852,L3N176,3,176,0.5793941,0.5793941,16.531275808071676,2.5042140856159277e-61,2.0769109463236367e-55,True,0.5793941,3
neuron_neuron,L8N1778,8,1778,L9N85,9,85,0.58397216,-0.58397216,-16.532567284257798,2.5427791697629675e-61,2.1032942140288763e-55,True,0.58397216,1
neuron_neuron,L0N1322,0,1322,L1N636,1,636,0.58384985,-0.58384985,-16.529097292258783,2.5427791697629675e-61,2.1032942140288763e-55,True,0.58384985,1
neuron_neuron,L0N1150,0,1150,L3N176,3,176,0.58102256,-0.58102256,-16.524301880193196,2.987471043503663e-61,2.467849760644908e-55,True,0.58102256,3
neuron_neuron,L0N2898,0,2898,L3N176,3,176,0.5790078,0.5790078,16.520271748809275,3.1708766375804304e-61,2.615885634211599e-55,True,0.5790078,3
neuron_neuron,L0N101,0,101,L1N2976,1,2976,0.5831639,-0.5831639,-16.509636927773077,3.2165961035935826e-61,2.6500928739385133e-55,True,0.5831639,1
neuron_neuron,L6N686,6,686,L7N1904,7,1904,0.5808845,0.5808845,16.515305072631136,3.24726135165816e-61,2.6718232358405896e-55,True,0.5808845,1
neuron_neuron,L1N3020,1,3020,L3N1366,3,1366,0.5816029,-0.5816029,-16.517014536574493,3.500348681859656e-61,2.876262113378924e-55,True,0.5816029,2
neuron_neuron,L0N1311,0,1311,L2N773,2,773,0.5787035,0.5787035,16.49870378434743,3.925982335740136e-61,3.217518904061241e-55,True,0.5787035,2
neuron_neuron,L2N1918,2,1918,L4N1727,4,1727,0.57894194,0.57894194,16.505487820607264,3.925982335740136e-61,3.217518904061241e-55,True,0.57894194,2
neuron_neuron,L5N1021,5,1021,L6N1095,6,1095,0.5826241,-0.5826241,-16.494321275952863,4.0681539965884734e-61,3.3209260487618515e-55,True,0.5826241,1
neuron_neuron,L8N716,8,716,L9N1017,9,1017,0.582709,-0.582709,-16.496730992618843,4.0681539965884734e-61,3.3209260487618515e-55,True,0.582709,1
neuron_neuron,L8N2505,8,2505,L9N1237,9,1237,0.58278143,-0.58278143,-16.49878559314458,4.0681539965884734e-61,3.3209260487618515e-55,True,0.58278143,1
neuron_neuron,L0N2184,0,2184,L1N73,1,73,0.5804336,0.5804336,16.50251243643594,4.10690429063011e-61,3.348170623599928e-55,True,0.5804336,1
neuron_neuron,L1N1983,1,1983,L3N2108,3,2108,0.5808977,-0.5808977,-16.496949053326972,4.42976817441711e-61,3.6066659665294276e-55,True,0.5808977,2
neuron_neuron,L2N1295,2,1295,L7N1152,7,1152,0.57797617,0.57797617,16.492762016212875,4.925954708812037e-61,4.0054194563183944e-55,True,0.57797617,5
neuron_neuron,L1N1263,1,1263,L4N2970,4,2970,0.5779097,0.5779097,16.488991424200236,5.080797730092839e-61,4.1259399230953295e-55,True,0.5779097,3
neuron_neuron,L1N1303,1,1303,L2N2271,2,2271,0.5797576,0.5797576,16.483332782803956,5.193078495944812e-61,4.2116282048392096e-55,True,0.5797576,1
neuron_neuron,L1N2956,1,2956,L5N303,5,303,0.57649827,0.57649827,16.479088595841315,6.24099361803467e-61,5.054913833121518e-55,True,0.57649827,4
neuron_neuron,L9N945,9,945,L11N2172,11,2172,0.5776655,0.5776655,16.469167786481183,6.285138766886091e-61,5.084058086454612e-55,True,0.5776655,2
neuron_neuron,L2N1416,2,1416,L5N2938,5,2938,0.5775575,0.5775575,16.478958561033824,6.429490724139306e-61,5.194079041945172e-55,True,0.5775575,3
neuron_neuron,L9N1370,9,1370,L10N888,10,888,0.5817811,-0.5817811,-16.47040504942164,6.503362936810236e-61,5.2469514962801366e-55,True,0.5817811,1
neuron_neuron,L6N1985,6,1985,L8N737,8,737,0.5800725,-0.5800725,-16.47346950383169,7.090187849690665e-61,5.7130050244738406e-55,True,0.5800725,2
neuron_neuron,L2N1416,2,1416,L5N303,5,303,0.5788614,-0.5788614,-16.46273959339547,7.665605782840912e-61,6.16867484252303e-55,True,0.5788614,3
neuron_neuron,L8N1411,8,1411,L10N1285,10,1285,0.5776048,0.5776048,16.46743955324399,7.949994296742191e-61,6.3728274034777855e-55,True,0.5776048,2
neuron_neuron,L9N542,9,542,L11N2172,11,2172,0.5774839,0.5774839,16.464000046860257,7.949994296742191e-61,6.3728274034777855e-55,True,0.5774839,2
neuron_neuron,L8N1483,8,1483,L10N259,10,259,0.57714325,0.57714325,16.45430735505402,7.949994296742191e-61,6.3728274034777855e-55,True,0.57714325,2
neuron_neuron,L0N1105,0,1105,L3N900,3,900,0.5766191,0.5766191,16.45222689786036,8.134549426049885e-61,6.512387942915159e-55,True,0.5766191,3
neuron_neuron,L0N162,0,162,L1N824,1,824,0.5815941,-0.5815941,-16.465100290697997,8.220112228195424e-61,6.572440263769696e-55,True,0.5815941,1
neuron_neuron,L0N3012,0,3012,L2N2271,2,2271,0.5791953,-0.5791953,-16.4485093384227,8.967363925281465e-61,7.160717668740599e-55,True,0.5791953,2
neuron_neuron,L0N101,0,101,L6N2674,6,2674,0.5778897,-0.5778897,-16.452939936555197,9.131777040971796e-61,7.282669874588145e-55,True,0.5778897,6
neuron_neuron,L1N73,1,73,L3N1570,3,1570,0.5768016,0.5768016,16.44458583109368,1.0053822617928424e-60,8.007755857567323e-55,True,0.5768016,2
neuron_neuron,L1N2821,1,2821,L4N2253,4,2253,0.5764058,0.5764058,16.44615182857462,1.0289699476891296e-60,8.185162145206101e-55,True,0.5764058,3
neuron_neuron,L4N748,4,748,L5N1856,5,1856,0.58068955,-0.58068955,-16.439437230962593,1.0387964836228679e-60,8.252789471902185e-55,True,0.58068955,1
neuron_neuron,L8N2461,8,2461,L10N1214,10,1214,0.5763459,0.5763459,16.431619841792074,1.2711829985443881e-60,1.0086135011792586e-54,True,0.5763459,2
neuron_neuron,L2N1314,2,1314,L5N1856,5,1856,0.5756923,0.5756923,16.42582632426507,1.3013201072097472e-60,1.0312119865726658e-54,True,0.5756923,3
neuron_neuron,L9N788,9,788,L10N1549,10,1549,0.5804498,-0.5804498,-16.432635911362183,1.312490485597564e-60,1.0387422336912518e-54,True,0.5804498,1
neuron_neuron,L5N1753,5,1753,L6N1609,6,1609,0.57761884,0.57761884,16.42265527163989,1.3249387095815312e-60,1.0472634083868897e-54,True,0.57761884,1
neuron_neuron,L2N3024,2,3024,L4N1727,4,1727,0.57829434,-0.57829434,-16.422872465396793,1.4335613022788662e-60,1.1288237646048402e-54,True,0.57829434,2
neuron_neuron,L9N2923,9,2923,L11N562,11,562,0.57844377,-0.57844377,-16.42712436012264,1.4335613022788662e-60,1.1288237646048402e-54,True,0.57844377,2
neuron_neuron,L7N1012,7,1012,L9N552,9,552,0.5781207,-0.5781207,-16.417931990990567,1.4335613022788662e-60,1.1288237646048402e-54,True,0.5781207,2
neuron_neuron,L6N1167,6,1167,L7N570,7,570,0.57723165,0.57723165,16.411670345701488,1.6736742592012814e-60,1.3145711829125448e-54,True,0.57723165,1
neuron_neuron,L10N1886,10,1886,L11N2794,11,2794,0.5775818,0.5775818,16.421605142482296,1.6736742592012814e-60,1.3145711829125448e-54,True,0.5775818,1
neuron_neuron,L6N1189,6,1189,L9N1077,9,1077,0.5770852,-0.5770852,-16.412142314268866,1.96058385141608e-60,1.5379820862896538e-54,True,0.5770852,3
neuron_neuron,L9N1015,9,1015,L11N60,11,60,0.5754827,0.5754827,16.407058238513347,2.0309496615262155e-60,1.5911766200465414e-54,True,0.5754827,2
neuron_neuron,L4N2412,4,2412,L5N785,5,785,0.5794844,-0.5794844,-16.405246310773467,2.0939507326286452e-60,1.6364189349430204e-54,True,0.5794844,1
neuron_neuron,L10N976,10,976,L11N2983,11,2983,0.57955515,-0.57955515,-16.4072535624805,2.0939507326286452e-60,1.6364189349430204e-54,True,0.57955515,1
neuron_neuron,L10N271,10,271,L11N553,11,553,0.5770667,0.5770667,16.406991267796386,2.1137764504263883e-60,1.6498426336311862e-54,True,0.5770667,1
neuron_neuron,L7N2880,7,2880,L9N2786,9,2786,0.577223,-0.577223,-16.392388398463233,2.2899055456905227e-60,1.7850777953716186e-54,True,0.577223,2
neuron_neuron,L4N68,4,68,L6N470,6,470,0.57482344,0.57482344,16.388298682245846,2.5663352346440503e-60,1.9980656697390738e-54,True,0.57482344,2
neuron_neuron,L1N2710,1,2710,L5N1878,5,1878,0.57509655,-0.57509655,-16.39588485687292,2.576082011084637e-60,2.003150257038602e-54,True,0.57509655,4
neuron_neuron,L1N1571,1,1571,L2N1075,2,1075,0.5787811,-0.5787811,-16.38529385677913,2.6440585178154287e-60,2.050887677210258e-54,True,0.5787811,1
neuron_neuron,L1N2141,1,2141,L2N940,2,940,0.5789498,-0.5789498,-16.39007946952631,2.6440585178154287e-60,2.050887677210258e-54,True,0.5789498,1
neuron_neuron,L9N1237,9,1237,L10N976,10,976,0.5765444,0.5765444,16.39217277857252,2.669071107692764e-60,2.0677139304192887e-54,True,0.5765444,1
neuron_neuron,L1N824,1,824,L5N881,5,881,0.57418853,-0.57418853,-16.36996337865562,3.2569924553963207e-60,2.5200388171681157e-54,True,0.57418853,4
neuron_neuron,L6N2364,6,2364,L7N448,7,448,0.5785986,-0.5785986,-16.380115925248436,3.3380177162075594e-60,2.57632982315402e-54,True,0.5785986,1
neuron_neuron,L3N135,3,135,L4N1073,4,1073,0.5781972,-0.5781972,-16.368726843321845,3.3380177162075594e-60,2.57632982315402e-54,True,0.5781972,1
neuron_neuron,L0N1209,0,1209,L1N1303,1,1303,0.5756637,0.5756637,16.36718613053283,3.369567839233924e-60,2.597461995242544e-54,True,0.5756637,1
neuron_neuron,L7N2995,7,2995,L9N2396,9,2396,0.5762848,-0.5762848,-16.36569321578079,3.654842773723927e-60,2.8069469386959336e-54,True,0.5762848,2
neuron_neuron,L4N611,4,611,L6N2062,6,2062,0.576131,-0.576131,-16.36131581638413,3.654842773723927e-60,2.8069469386959336e-54,True,0.576131,2
neuron_neuron,L8N3068,8,3068,L10N2732,10,2732,0.5761867,-0.5761867,-16.36290158485987,3.654842773723927e-60,2.8069469386959336e-54,True,0.5761867,2
neuron_neuron,L5N594,5,594,L9N85,9,85,0.57222027,0.57222027,16.356962939015116,4.091582210413362e-60,3.138496225705225e-54,True,0.57222027,4
neuron_neuron,L3N590,3,590,L4N1326,4,1326,0.5779955,-0.5779955,-16.3630044003761,4.2132689596200545e-60,3.2199411426821085e-54,True,0.5779955,1
neuron_neuron,L0N1995,0,1995,L1N2564,1,2564,0.578038,-0.578038,-16.36421010422371,4.2132689596200545e-60,3.2199411426821085e-54,True,0.578038,1
neuron_neuron,L1N1602,1,1602,L2N480,2,480,0.5780811,-0.5780811,-16.365432718363714,4.2132689596200545e-60,3.2199411426821085e-54,True,0.5780811,1
neuron_neuron,L10N1528,10,1528,L11N1681,11,1681,0.575317,0.575317,16.35735110447714,4.253057325664269e-60,3.242392141933351e-54,True,0.575317,1
neuron_neuron,L10N929,10,929,L11N2129,11,2129,0.57533073,0.57533073,16.357740041202177,4.253057325664269e-60,3.242392141933351e-54,True,0.57533073,1
neuron_neuron,L4N1153,4,1153,L8N1627,8,1627,0.57170683,0.57170683,16.34230575026864,5.170998999739266e-60,3.937381608322074e-54,True,0.57170683,4
neuron_neuron,L0N92,0,92,L1N2396,1,2396,0.5773206,-0.5773206,-16.34385687629966,5.316951545817963e-60,4.0386406143413705e-54,True,0.5773206,1
neuron_neuron,L0N587,0,587,L1N73,1,73,0.57723844,-0.57723844,-16.341526638007927,5.316951545817963e-60,4.0386406143413705e-54,True,0.57723844,1
neuron_neuron,L10N1852,10,1852,L11N173,11,173,0.57490146,0.57490146,16.345561248620836,5.367119201272299e-60,4.056956839629153e-54,True,0.57490146,1
neuron_neuron,L0N1986,0,1986,L1N824,1,824,0.5747118,0.5747118,16.34018039358143,5.367119201272299e-60,4.056956839629153e-54,True,0.5747118,1
neuron_neuron,L1N1429,1,1429,L2N2324,2,2324,0.57465214,0.57465214,16.338487673312905,5.367119201272299e-60,4.056956839629153e-54,True,0.57465214,1
neuron_neuron,L0N2852,0,2852,L1N2564,1,2564,0.574945,0.574945,16.346795699965515,5.367119201272299e-60,4.056956839629153e-54,True,0.574945,1
neuron_neuron,L9N2337,9,2337,L11N2662,11,2662,0.57514125,-0.57514125,-16.3331535858605,5.828672629927309e-60,4.400500486751033e-54,True,0.57514125,2
neuron_neuron,L8N1062,8,1062,L11N2983,11,2983,0.5741082,-0.5741082,-16.32733923697835,6.31262518913388e-60,4.754346745551174e-54,True,0.5741082,3
neuron_neuron,L0N2898,0,2898,L3N1533,3,1533,0.5744953,-0.5744953,-16.33836706677457,6.31262518913388e-60,4.754346745551174e-54,True,0.5744953,3
neuron_neuron,L8N171,8,171,L10N270,10,270,0.57284975,0.57284975,16.332138734077883,6.529724831470949e-60,4.911915664808433e-54,True,0.57284975,2
neuron_neuron,L1N867,1,867,L2N2856,2,2856,0.5770076,-0.5770076,-16.33497728176417,6.708403767324078e-60,5.034165163979535e-54,True,0.5770076,1
neuron_neuron,L3N2399,3,2399,L4N1727,4,1727,0.576871,-0.576871,-16.331101442747727,6.708403767324078e-60,5.034165163979535e-54,True,0.576871,1
neuron_neuron,L8N1699,8,1699,L10N2732,10,2732,0.57498634,-0.57498634,-16.328745658300676,7.358492225490151e-60,5.51536387032289e-54,True,0.57498634,2
neuron_neuron,L2N2394,2,2394,L6N127,6,127,0.5709773,0.5709773,16.321478725627724,8.254227921395193e-60,6.179302964376805e-54,True,0.5709773,4
neuron_neuron,L0N1121,0,1121,L1N1309,1,1309,0.576421,-0.576421,-16.318335863020355,8.462304707337326e-60,6.3198819601388e-54,True,0.576421,1
neuron_neuron,L10N1061,10,1061,L11N1078,11,1078,0.57624894,-0.57624894,-16.313453861606536,8.462304707337326e-60,6.3198819601388e-54,True,0.57624894,1
neuron_neuron,L1N1983,1,1983,L2N2585,2,2585,0.57380676,0.57380676,16.31450380561211,8.542011835919862e-60,6.371769425269142e-54,True,0.57380676,1
neuron_neuron,L6N828,6,828,L8N2897,8,2897,0.57171774,0.57171774,16.299928129916196,1.0403042787883677e-59,7.750691759141937e-54,True,0.57171774,2
neuron_neuron,L1N2541,1,2541,L2N2643,2,2643,0.5758828,-0.5758828,-16.303065868989602,1.0672621266995398e-59,7.932561316814574e-54,True,0.5758828,1
neuron_neuron,L4N1198,4,1198,L5N1866,5,1866,0.5760735,-0.5760735,-16.30847716255532,1.0672621266995398e-59,7.932561316814574e-54,True,0.5760735,1
neuron_neuron,L1N2730,1,2730,L6N414,6,414,0.572231,-0.572231,-16.29178028597044,1.1961210923203525e-59,8.869154512827834e-54,True,0.572231,5
neuron_neuron,L2N1104,2,1104,L7N2813,7,2813,0.57220984,-0.57220984,-16.291177169047433,1.1961210923203525e-59,8.869154512827834e-54,True,0.57220984,5
neuron_neuron,L4N923,4,923,L7N2402,7,2402,0.57291377,-0.57291377,-16.29331511360862,1.2701409865721368e-59,9.395636305827835e-54,True,0.57291377,3
neuron_neuron,L0N3012,0,3012,L3N176,3,176,0.57262677,-0.57262677,-16.285139747870545,1.2701409865721368e-59,9.395636305827835e-54,True,0.57262677,3
neuron_neuron,L4N2098,4,2098,L5N1021,5,1021,0.575275,-0.575275,-16.2858224438366,1.3457565789364246e-59,9.943179857720225e-54,True,0.575275,1
neuron_neuron,L10N271,10,271,L11N2172,11,2172,0.57279575,0.57279575,16.28582056765534,1.3584103838389976e-59,1.0012917595582844e-53,True,0.57279575,1
neuron_neuron,L3N2723,3,2723,L4N669,4,669,0.57301533,0.57301533,16.29205031937287,1.3584103838389976e-59,1.0012917595582844e-53,True,0.57301533,1
neuron_neuron,L3N2380,3,2380,L5N1460,5,1460,0.5732565,-0.5732565,-16.279524083217456,1.4788397465486114e-59,1.0887724166072246e-53,True,0.5732565,2
neuron_neuron,L0N2251,0,2251,L2N2135,2,2135,0.5709622,0.5709622,16.278429519008785,1.656058728032024e-59,1.2163715111581547e-53,True,0.5709622,2
neuron_neuron,L1N224,1,224,L3N3028,3,3028,0.5709237,0.5709237,16.277333897152825,1.656058728032024e-59,1.2163715111581547e-53,True,0.5709237,2
neuron_neuron,L6N2884,6,2884,L7N2416,7,2416,0.5723242,0.5723242,16.272442835343345,1.7125208468791252e-59,1.2504697610375763e-53,True,0.5723242,1
neuron_neuron,L2N2135,2,2135,L3N1718,3,1718,0.5725306,0.5725306,16.27829886959899,1.7125208468791252e-59,1.2504697610375763e-53,True,0.5725306,1
neuron_neuron,L10N2296,10,2296,L11N173,11,173,0.5725155,0.5725155,16.277869348172214,1.7125208468791252e-59,1.2504697610375763e-53,True,0.5725155,1
neuron_neuron,L0N694,0,694,L1N79,1,79,0.5721235,0.5721235,16.266749139894667,1.7125208468791252e-59,1.2504697610375763e-53,True,0.5721235,1
neuron_neuron,L5N1174,5,1174,L6N686,6,686,0.57258743,0.57258743,16.279910420464034,1.7125208468791252e-59,1.2504697610375763e-53,True,0.57258743,1
neuron_neuron,L1N1120,1,1120,L10N3055,10,3055,0.5755511,-0.5755511,-16.276938055495204,1.7671191945423506e-59,1.288826127942207e-53,True,0.5755511,9
neuron_neuron,L6N42,6,42,L7N2880,7,2880,0.5719073,0.5719073,16.260614085814538,2.1585082694417296e-59,1.572439556117017e-53,True,0.5719073,1
neuron_neuron,L1N1120,1,1120,L10N370,10,370,0.57508904,-0.57508904,-16.263871159435652,2.225616377250837e-59,1.619432691033821e-53,True,0.57508904,9
neuron_neuron,L9N2869,9,2869,L11N173,11,173,0.570092,0.570092,16.253669482669462,2.6341526082802055e-59,1.9100033387610414e-53,True,0.570092,2
neuron_neuron,L9N375,9,375,L11N2294,11,2294,0.5700386,0.5700386,16.25214985854726,2.6341526082802055e-59,1.9100033387610414e-53,True,0.5700386,2
neuron_neuron,L9N2877,9,2877,L11N1235,11,1235,0.5700671,0.5700671,16.25296055088031,2.6341526082802055e-59,1.9100033387610414e-53,True,0.5700671,2
neuron_neuron,L5N234,5,234,L6N2973,6,2973,0.5713325,0.5713325,16.244307490860102,2.720097948123278e-59,1.9700282314819542e-53,True,0.5713325,1
neuron_neuron,L0N2992,0,2992,L4N1378,4,1378,0.56772095,0.56772095,16.228519411070316,3.340933078742706e-59,2.416857157864776e-53,True,0.56772095,4
neuron_neuron,L10N2190,10,2190,L11N17,11,17,0.5733912,-0.5733912,-16.232377464728966,3.395298185547158e-59,2.453335899053049e-53,True,0.5733912,1
neuron_neuron,L10N1449,10,1449,L11N789,11,789,0.5710093,0.5710093,16.235137039295456,3.427112378251994e-59,2.4734543994761883e-53,True,0.5710093,1
neuron_neuron,L6N2058,6,2058,L8N1450,8,1450,0.571194,-0.571194,-16.220837081542708,3.7400030537124308e-59,2.696153241409076e-53,True,0.571194,2
neuron_neuron,L8N716,8,716,L11N1043,11,1043,0.57042706,-0.57042706,-16.222478922831375,4.056646378297552e-59,2.921039314988696e-53,True,0.57042706,3
neuron_neuron,L2N2750,2,2750,L7N324,7,324,0.56859624,0.56859624,16.225404531546786,4.18321408756945e-59,3.008697724805786e-53,True,0.56859624,5
neuron_neuron,L10N1590,10,1590,L11N3051,11,3051,0.57290614,-0.57290614,-16.218615868779654,4.276989810086689e-59,3.0690562523712754e-53,True,0.57290614,1
neuron_neuron,L1N2460,1,2460,L2N804,2,804,0.57302266,-0.57302266,-16.22192183094246,4.276989810086689e-59,3.0690562523712754e-53,True,0.57302266,1
neuron_neuron,L10N1428,10,1428,L11N3015,11,3015,0.57043964,0.57043964,16.218975872855598,4.31703058580162e-59,3.0942236940636206e-53,True,0.57043964,1
neuron_neuron,L2N2665,2,2665,L4N1727,4,1727,0.5681568,0.5681568,16.198603460348398,5.276333105145688e-59,3.7774551030625047e-53,True,0.5681568,2
neuron_neuron,L0N1871,0,1871,L1N2882,1,2882,0.57226336,-0.57226336,-16.200379809463193,5.386559823846695e-59,3.847524206636265e-53,True,0.57226336,1
neuron_neuron,L0N230,0,230,L1N2564,1,2564,0.5725595,-0.5725595,-16.208780842723968,5.386559823846695e-59,3.847524206636265e-53,True,0.5725595,1
neuron_neuron,L9N326,9,326,L10N2409,10,2409,0.5698708,0.5698708,16.20283838082509,5.436944295696275e-59,3.8657800060177933e-53,True,0.5698708,1
neuron_neuron,L9N2007,9,2007,L10N1480,10,1480,0.5697829,0.5697829,16.20034411269714,5.436944295696275e-59,3.8657800060177933e-53,True,0.5697829,1
neuron_neuron,L2N1237,2,1237,L3N2988,3,2988,0.56973094,0.56973094,16.198869535200487,5.436944295696275e-59,3.8657800060177933e-53,True,0.56973094,1
neuron_neuron,L7N401,7,401,L10N1307,10,1307,0.5680152,0.5680152,16.207137413140696,5.421946877764324e-59,3.8657800060177933e-53,True,0.5680152,3
neuron_neuron,L3N393,3,393,L8N17,8,17,0.5687002,-0.5687002,-16.191141308032186,6.078349537724569e-59,4.316904444985442e-53,True,0.5687002,5
neuron_neuron,L10N2409,10,2409,L11N2663,11,2663,0.5717294,-0.5717294,-16.185231569537667,6.782623931414892e-59,4.811600709425214e-53,True,0.5717294,1
neuron_neuron,L8N2584,8,2584,L9N614,9,614,0.5694272,0.5694272,16.190252050197085,6.846011426685506e-59,4.85104276107215e-53,True,0.5694272,1
neuron_neuron,L1N567,1,567,L4N2765,4,2765,0.56880516,-0.56880516,-16.176277494565806,8.12275799765804e-59,5.749197135852787e-53,True,0.56880516,3
neuron_neuron,L2N1237,2,1237,L6N414,6,414,0.5672305,-0.5672305,-16.17133073580576,8.50283747088428e-59,6.011382014187007e-53,True,0.5672305,4
neuron_neuron,L0N1993,0,1993,L3N176,3,176,0.56693035,0.56693035,16.176234021282195,8.610878593641187e-59,6.079375788409206e-53,True,0.56693035,3
neuron_neuron,L8N1450,8,1450,L9N1182,9,1182,0.56866646,0.56866646,16.168669444016075,8.618532722109222e-59,6.079375788409206e-53,True,0.56866646,1
neuron_neuron,L3N1533,3,1533,L5N1529,5,1529,0.56926537,-0.56926537,-16.165959316227855,9.428057578774476e-59,6.6353725794466535e-53,True,0.56926537,2
neuron_neuron,L0N162,0,162,L2N2824,2,2824,0.56921947,-0.56921947,-16.16465338924784,9.428057578774476e-59,6.6353725794466535e-53,True,0.56921947,2
neuron_neuron,L0N1422,0,1422,L2N1971,2,1971,0.56683314,0.56683314,16.160940187042872,1.0549592014702153e-58,7.41631727298707e-53,True,0.56683314,2
neuron_neuron,L9N1052,9,1052,L10N2839,10,2839,0.571019,-0.571019,-16.16507619203462,1.0747542617561168e-58,7.538458848158313e-53,True,0.571019,1
neuron_neuron,L9N2985,9,2985,L10N1528,10,1528,0.5710991,-0.5710991,-16.167348935332218,1.0747542617561168e-58,7.538458848158313e-53,True,0.5710991,1
neuron_neuron,L1N2965,1,2965,L2N410,2,410,0.56851363,0.56851363,16.164333645046543,1.084780899184934e-58,7.591688521229014e-53,True,0.56851363,1
neuron_neuron,L9N1038,9,1038,L10N865,10,865,0.5681417,0.5681417,16.1537816225934,1.084780899184934e-58,7.591688521229014e-53,True,0.5681417,1
neuron_neuron,L1N824,1,824,L3N1718,3,1718,0.56871563,-0.56871563,-16.150317024621746,1.187383359418202e-58,8.300411289902004e-53,True,0.56871563,2
neuron_neuron,L0N323,0,323,L2N1971,2,1971,0.5662582,0.5662582,16.144580483602283,1.3285005853133044e-58,9.255728130523682e-53,True,0.5662582,2
neuron_neuron,L9N648,9,648,L11N2129,11,2129,0.5663048,0.5663048,16.14590676269108,1.3285005853133044e-58,9.255728130523682e-53,True,0.5663048,2
neuron_neuron,L3N3028,3,3028,L5N785,5,785,0.56648606,0.56648606,16.151064326257618,1.3285005853133044e-58,9.255728130523682e-53,True,0.56648606,2
neuron_neuron,L0N826,0,826,L1N1098,1,1098,0.57041365,-0.57041365,-16.147902099080426,1.352490940466672e-58,9.40183690839424e-53,True,0.57041365,1
neuron_neuron,L2N2331,2,2331,L3N1570,3,1570,0.5705261,-0.5705261,-16.15109307125496,1.352490940466672e-58,9.40183690839424e-53,True,0.5705261,1
neuron_neuron,L7N1211,7,1211,L8N1961,8,1961,0.56775224,0.56775224,16.142732437543906,1.3650976036486705e-58,9.467066464307473e-53,True,0.56775224,1
neuron_neuron,L8N1125,8,1125,L11N627,11,627,0.56594235,0.56594235,16.14808970924184,1.3664343142609674e-58,9.467066464307473e-53,True,0.56594235,3
neuron_neuron,L2N1314,2,1314,L3N2413,3,2413,0.5678009,0.5678009,16.144112317403163,1.3650976036486705e-58,9.467066464307473e-53,True,0.5678009,1
neuron_neuron,L8N2959,8,2959,L11N802,11,802,0.56752986,-0.56752986,-16.139949327311015,1.6234926201923733e-58,1.123554562489153e-52,True,0.56752986,3
neuron_neuron,L9N1038,9,1038,L11N1679,11,1679,0.56601214,0.56601214,16.137579358182137,1.6726316216859884e-58,1.1562769555522288e-52,True,0.56601214,2
neuron_neuron,L1N222,1,222,L2N605,2,605,0.56973255,-0.56973255,-16.128578707963104,1.7016589963642516e-58,1.17503919906913e-52,True,0.56973255,1
neuron_neuron,L1N1886,1,1886,L4N2253,4,2253,0.5649654,0.5649654,16.12026120572221,2.166602018060125e-58,1.4944374810049968e-52,True,0.5649654,3
neuron_neuron,L4N2903,4,2903,L6N1653,6,1653,0.5674919,-0.5674919,-16.115496262509087,2.369037627450395e-58,1.6322620614484586e-52,True,0.5674919,2
neuron_neuron,L1N970,1,970,L2N2196,2,2196,0.5689567,-0.5689567,-16.106566580355317,2.692079103602473e-58,1.850742412422302e-52,True,0.5689567,1
neuron_neuron,L3N967,3,967,L4N884,4,884,0.5688719,-0.5688719,-16.104161936777054,2.692079103602473e-58,1.850742412422302e-52,True,0.5688719,1
neuron_neuron,L0N2053,0,2053,L4N2253,4,2253,0.5649751,-0.5649751,-16.10694392106619,2.6999755050843906e-58,1.854124511621065e-52,True,0.5649751,4
neuron_neuron,L9N2007,9,2007,L10N1781,10,1781,0.56639725,0.56639725,16.104290269847212,2.7171062067263598e-58,1.857695785452946e-52,True,0.56639725,1
neuron_neuron,L10N1318,10,1318,L11N627,11,627,0.56644344,0.56644344,16.10560081750766,2.7171062067263598e-58,1.857695785452946e-52,True,0.56644344,1
neuron_neuron,L0N2403,0,2403,L1N1098,1,1098,0.56616235,0.56616235,16.097625923615187,2.7171062067263598e-58,1.857695785452946e-52,True,0.56616235,1
neuron_neuron,L0N1311,0,1311,L1N567,1,567,0.56643355,0.56643355,16.105320106653938,2.7171062067263598e-58,1.857695785452946e-52,True,0.56643355,1
neuron_neuron,L1N2401,1,2401,L10N370,10,370,0.5695677,-0.5695677,-16.1077274826188,2.7782586802887164e-58,1.897423171186182e-52,True,0.5695677,9
neuron_neuron,L6N470,6,470,L8N1796,8,1796,0.56697464,-0.56697464,-16.10077829584338,2.9811962219790942e-58,2.0337901653196305e-52,True,0.56697464,2
neuron_neuron,L0N293,0,293,L6N834,6,834,0.5653642,-0.5653642,-16.096023204045522,3.0598267859733133e-58,2.085148570640787e-52,True,0.5653642,6
neuron_neuron,L0N646,0,646,L7N2402,7,2402,0.5668467,-0.5668467,-16.094401882836483,3.115399046093937e-58,2.1206985858724106e-52,True,0.5668467,7
neuron_neuron,L1N3041,1,3041,L2N280,2,280,0.56856513,-0.56856513,-16.095458209282448,3.385048781123489e-58,2.301737621140736e-52,True,0.56856513,1
neuron_neuron,L4N1073,4,1073,L5N1611,5,1611,0.56572235,0.56572235,16.085142745770778,3.416490482102001e-58,2.3180558330215568e-52,True,0.56572235,1
neuron_neuron,L0N968,0,968,L1N2537,1,2537,0.5660925,0.5660925,16.095644037346744,3.416490482102001e-58,2.3180558330215568e-52,True,0.5660925,1
neuron_neuron,L8N760,8,760,L11N1736,11,1736,0.56395715,0.56395715,16.091539609289136,3.432563829720806e-58,2.326427209886958e-52,True,0.56395715,3
neuron_neuron,L6N1451,6,1451,L8N2649,8,2649,0.56400603,0.56400603,16.08049678108284,4.194490344454516e-58,2.833574504350849e-52,True,0.56400603,2
neuron_neuron,L1N105,1,105,L3N1533,3,1533,0.5636834,0.5636834,16.07131628401422,4.194490344454516e-58,2.833574504350849e-52,True,0.5636834,2
neuron_neuron,L0N41,0,41,L2N2394,2,2394,0.56407547,0.56407547,16.082472631643515,4.194490344454516e-58,2.833574504350849e-52,True,0.56407547,2
neuron_neuron,L0N912,0,912,L4N825,4,825,0.5625497,0.5625497,16.0808942614934,4.254159023999378e-58,2.8685961822949127e-52,True,0.5625497,4
neuron_neuron,L0N230,0,230,L1N666,1,666,0.5678226,-0.5678226,-16.07439136701942,4.2555434494154996e-58,2.8685961822949127e-52,True,0.5678226,1
neuron_neuron,L9N552,9,552,L10N1693,10,1693,0.5654839,0.5654839,16.07837862881363,4.2950359047662494e-58,2.892087472337781e-52,True,0.5654839,1
neuron_neuron,L9N1920,9,1920,L11N2983,11,2983,0.56319976,0.56319976,16.057554866461146,5.275700064333072e-58,3.537127715361593e-52,True,0.56319976,2
neuron_neuron,L7N2995,7,2995,L9N1584,9,1584,0.56343377,0.56343377,16.064213398050175,5.275700064333072e-58,3.537127715361593e-52,True,0.56343377,2
neuron_neuron,L0N2260,0,2260,L2N1971,2,1971,0.56353444,0.56353444,16.067077957360887,5.275700064333072e-58,3.537127715361593e-52,True,0.56353444,2
neuron_neuron,L9N2333,9,2333,L11N2484,11,2484,0.5632063,0.5632063,16.057741427458293,5.275700064333072e-58,3.537127715361593e-52,True,0.5632063,2
neuron_neuron,L3N2108,3,2108,L4N1198,4,1198,0.564858,0.564858,16.06062113077189,5.398416219041522e-58,3.611628263229671e-52,True,0.564858,1
neuron_neuron,L8N178,8,178,L9N2238,9,2238,0.5649539,0.5649539,16.0633419968179,5.398416219041522e-58,3.611628263229671e-52,True,0.5649539,1
neuron_neuron,L0N1981,0,1981,L5N1866,5,1866,0.5640069,-0.5640069,-16.057368275588644,6.094052137525741e-58,4.072645523186659e-52,True,0.5640069,5
neuron_neuron,L0N704,0,704,L5N1371,5,1371,0.5623645,0.5623645,16.047780651498467,6.660402952422161e-58,4.446366108923878e-52,True,0.5623645,5
neuron_neuron,L1N1120,1,1120,L2N642,2,642,0.56674826,-0.56674826,-16.04391225601053,6.721623381196987e-58,4.477637408968807e-52,True,0.56674826,1
neuron_neuron,L10N1318,10,1318,L11N2983,11,2983,0.5669828,-0.5669828,-16.05056645606712,6.721623381196987e-58,4.477637408968807e-52,True,0.5669828,1
neuron_neuron,L0N1781,0,1781,L1N79,1,79,0.56415355,0.56415355,16.040634856192767,6.783891866213891e-58,4.51428970226412e-52,True,0.56415355,1
neuron_neuron,L4N1763,4,1763,L7N2656,7,2656,0.56241983,0.56241983,16.047747494415532,6.834707016409062e-58,4.543250360935176e-52,True,0.56241983,3
neuron_neuron,L0N968,0,968,L1N2882,1,2882,0.5636828,0.5636828,16.027279107260885,8.523234794783711e-58,5.658143137733057e-52,True,0.5636828,1
neuron_neuron,L2N842,2,842,L6N414,6,414,0.5621986,-0.5621986,-16.02768211862965,8.530081171509939e-58,5.658143137733057e-52,True,0.5621986,4
neuron_neuron,L4N1534,4,1534,L6N1051,6,1051,0.56454074,-0.56454074,-16.031523461684877,9.379304394305853e-58,6.214828308330648e-52,True,0.56454074,2
neuron_neuron,L5N2070,5,2070,L7N704,7,704,0.56197,0.56197,16.02256280743293,1.0484738842797157e-57,6.932550994685746e-52,True,0.56197,2
neuron_neuron,L1N2821,1,2821,L3N2108,3,2108,0.56205815,0.56205815,16.025071204840003,1.0484738842797157e-57,6.932550994685746e-52,True,0.56205815,2
neuron_neuron,L9N510,9,510,L10N977,10,977,0.5658201,-0.5658201,-16.017579548696364,1.0608286958657071e-57,6.999380818793128e-52,True,0.5658201,1
neuron_neuron,L0N1322,0,1322,L1N2193,1,2193,0.56587684,-0.56587684,-16.019189408532164,1.0608286958657071e-57,6.999380818793128e-52,True,0.56587684,1
neuron_neuron,L0N1759,0,1759,L4N1378,4,1378,0.5601519,0.5601519,16.012442433529387,1.0665202629025408e-57,7.022056716795107e-52,True,0.5601519,4
neuron_neuron,L1N2730,1,2730,L5N303,5,303,0.5602476,0.5602476,16.015175129736356,1.0665202629025408e-57,7.022056716795107e-52,True,0.5602476,4
neuron_neuron,L4N2930,4,2930,L5N2817,5,2817,0.5632469,0.5632469,16.014912610433985,1.0706387877302218e-57,7.034301747520094e-52,True,0.5632469,1
neuron_neuron,L5N2925,5,2925,L6N2526,6,2526,0.56338155,0.56338155,16.01873264548553,1.0706387877302218e-57,7.034301747520094e-52,True,0.56338155,1
neuron_neuron,L3N1226,3,1226,L5N1625,5,1625,0.5639824,-0.5639824,-16.015636944773412,1.178864958304098e-57,7.720935063050417e-52,True,0.5639824,2
neuron_neuron,L8N2368,8,2368,L10N2732,10,2732,0.56370586,-0.56370586,-16.007767462712007,1.178864958304098e-57,7.720935063050417e-52,True,0.56370586,2
neuron_neuron,L0N1418,0,1418,L2N2824,2,2824,0.5640016,-0.5640016,-16.01618305969233,1.178864958304098e-57,7.720935063050417e-52,True,0.5640016,2
neuron_neuron,L9N1424,9,1424,L10N2222,10,2222,0.56294173,0.56294173,16.00625454072884,1.344604250490352e-57,8.79718833464212e-52,True,0.56294173,1
neuron_neuron,L8N1330,8,1330,L11N2662,11,2662,0.5622581,-0.5622581,-15.989778979916638,1.6115266713479177e-57,1.0521447226578372e-51,True,0.5622581,3
neuron_neuron,L1N2956,1,2956,L4N919,4,919,0.5625659,-0.5625659,-15.998546911104889,1.6115266713479177e-57,1.0521447226578372e-51,True,0.5625659,3
neuron_neuron,L0N1981,0,1981,L2N1597,2,1597,0.5606432,0.5606432,15.98480964564696,1.6556619156346815e-57,1.0798281520586804e-51,True,0.5606432,2
neuron_neuron,L10N1490,10,1490,L11N802,11,802,0.5648467,-0.5648467,-15.989963350189583,1.6728934709771626e-57,1.0887864481386306e-51,True,0.5648467,1
neuron_neuron,L3N695,3,695,L4N1844,4,1844,0.5647811,-0.5647811,-15.988103218026367,1.6728934709771626e-57,1.0887864481386306e-51,True,0.5647811,1
neuron_neuron,L0N2053,0,2053,L4N1198,4,1198,0.5594678,0.5594678,15.992913694819924,1.686623703200308e-57,1.0965767880030669e-51,True,0.5594678,4
neuron_neuron,L9N564,9,564,L11N802,11,802,0.562675,-0.562675,-15.978434985933555,1.8611798121860092e-57,1.2088045450982248e-51,True,0.562675,2
neuron_neuron,L1N1983,1,1983,L4N2253,4,2253,0.5616948,-0.5616948,-15.973732171694303,2.025040620169156e-57,1.3138593146257176e-51,True,0.5616948,3
neuron_neuron,L9N2982,9,2982,L10N2409,10,2409,0.5645984,-0.5645984,-15.982918522378718,2.100144995615689e-57,1.359754691808829e-51,True,0.5645984,1
neuron_neuron,L3N481,3,481,L4N2198,4,2198,0.5641869,-0.5641869,-15.971243656510683,2.100144995615689e-57,1.359754691808829e-51,True,0.5641869,1
neuron_neuron,L1N1897,1,1897,L2N1584,2,1584,0.5620602,0.5620602,15.981244218279798,2.1195147954154998e-57,1.3708707929323536e-51,True,0.5620602,1
neuron_neuron,L0N1385,0,1385,L4N825,4,825,0.56054986,-0.56054986,-15.980615425117191,2.1332512451778145e-57,1.3783240438300433e-51,True,0.56054986,4
neuron_neuron,L4N1181,4,1181,L7N3023,7,3023,0.5598979,0.5598979,15.97590784753212,2.1451989515064832e-57,1.3846073125909514e-51,True,0.5598979,3
neuron_neuron,L3N695,3,695,L5N1611,5,1611,0.5624479,-0.5624479,-15.971973191396064,2.337863664501268e-57,1.5073996599809943e-51,True,0.5624479,2
neuron_neuron,L0N584,0,584,L1N1315,1,1315,0.56375515,-0.56375515,-15.958995531730537,2.6359869803844126e-57,1.6978649578722632e-51,True,0.56375515,1
neuron_neuron,L1N737,1,737,L2N2643,2,2643,0.5612975,0.5612975,15.959605808133894,2.660277368650276e-57,1.7117404785673967e-51,True,0.5612975,1
neuron_neuron,L0N2918,0,2918,L3N900,3,900,0.55924225,0.55924225,15.957230999532367,2.6949700736268363e-57,1.732273765030402e-51,True,0.55924225,3
neuron_neuron,L1N2401,1,2401,L10N3055,10,3055,0.56457967,-0.56457967,-15.96666669872517,2.6999201176794425e-57,1.7336664265624828e-51,True,0.56457967,9
neuron_neuron,L3N1261,3,1261,L9N1077,9,1077,0.5591581,0.5591581,15.947476066137511,3.0319397609503777e-57,1.9448571003772526e-51,True,0.5591581,6
neuron_neuron,L1N824,1,824,L6N127,6,127,0.55890024,0.55890024,15.949037669295633,3.3023329194745515e-57,2.1161231931711345e-51,True,0.55890024,5
neuron_neuron,L9N552,9,552,L10N1956,10,1956,0.56067693,0.56067693,15.942000502723683,3.338338532332215e-57,2.1369969053833492e-51,True,0.56067693,1
neuron_neuron,L0N92,0,92,L4N2903,4,2903,0.55935496,-0.55935496,-15.946504366050489,3.369440823511141e-57,2.1546921764750377e-51,True,0.55935496,4
neuron_neuron,L0N1422,0,1422,L3N1718,3,1718,0.55899346,0.55899346,15.950143984664097,3.3849526492808496e-57,2.162391574203442e-51,True,0.55899346,3
neuron_neuron,L2N1104,2,1104,L9N1077,9,1077,0.5606435,0.5606435,15.938298419395547,3.488779770984105e-57,2.2264353871524805e-51,True,0.5606435,7
neuron_neuron,L1N1825,1,1825,L2N1981,2,1981,0.5628082,-0.5628082,-15.932130150205998,4.150211101449522e-57,2.6431249315057663e-51,True,0.5628082,1
neuron_neuron,L1N2324,1,2324,L2N842,2,842,0.56308025,-0.56308025,-15.9398480076541,4.150211101449522e-57,2.6431249315057663e-51,True,0.56308025,1
neuron_neuron,L8N2514,8,2514,L9N2711,9,2711,0.56052905,0.56052905,15.937805059181017,4.188387157933393e-57,2.656572604883092e-51,True,0.56052905,1
neuron_neuron,L0N432,0,432,L1N2882,1,2882,0.5603231,0.5603231,15.931962553159282,4.188387157933393e-57,2.656572604883092e-51,True,0.5603231,1
neuron_neuron,L1N2834,1,2834,L2N842,2,842,0.5602387,0.5602387,15.929568055756452,4.188387157933393e-57,2.656572604883092e-51,True,0.5602387,1
neuron_neuron,L1N1571,1,1571,L2N1767,2,1767,0.56015253,0.56015253,15.927122827476444,4.188387157933393e-57,2.656572604883092e-51,True,0.56015253,1
neuron_neuron,L0N968,0,968,L3N900,3,900,0.55834514,0.55834514,15.931675977782888,4.250730092507215e-57,2.6933721802071444e-51,True,0.55834514,3
neuron_neuron,L9N788,9,788,L11N2709,11,2709,0.55830365,0.55830365,15.918239593838283,5.169815709944914e-57,3.2723995311539547e-51,True,0.55830365,2
neuron_neuron,L0N2706,0,2706,L1N2673,1,2673,0.5598629,0.5598629,15.918906116402756,5.253832861901819e-57,3.3222046395116023e-51,True,0.5598629,1
neuron_neuron,L8N529,8,529,L10N462,10,462,0.5601604,-0.5601604,-15.906883755501095,5.808544540506006e-57,3.669245474302984e-51,True,0.5601604,2
neuron_neuron,L5N52,5,52,L6N1170,6,1170,0.56166494,-0.56166494,-15.899694518367252,6.529036124885479e-57,4.120199804164765e-51,True,0.56166494,1
neuron_neuron,L2N1416,2,1416,L3N1570,3,1570,0.5591422,0.5591422,15.898458190841309,6.588987380499203e-57,4.1496239582483654e-51,True,0.5591422,1
neuron_neuron,L9N2355,9,2355,L10N120,10,120,0.5591641,0.5591641,15.899080489601364,6.588987380499203e-57,4.1496239582483654e-51,True,0.5591641,1
neuron_neuron,L0N1150,0,1150,L3N1533,3,1533,0.5575965,0.5575965,15.910350413157715,6.699189105903151e-57,4.2147653495469016e-51,True,0.5575965,3
neuron_neuron,L3N393,3,393,L9N270,9,270,0.55839,-0.55839,-15.897293024497504,7.512957537551148e-57,4.7219745065184344e-51,True,0.55839,6
neuron_neuron,L2N1237,2,1237,L5N1174,5,1174,0.5590585,-0.5590585,-15.898634263782572,7.939059835073187e-57,4.984754352559768e-51,True,0.5590585,3
neuron_neuron,L5N2394,5,2394,L6N2430,6,2430,0.56136125,-0.56136125,-15.891078724393088,8.186683462185803e-57,5.135055105779149e-51,True,0.56136125,1
neuron_neuron,L0N968,0,968,L2N2824,2,2824,0.559299,-0.559299,-15.88237303249432,9.14463244213141e-57,5.718646799134929e-51,True,0.559299,2
neuron_neuron,L9N2130,9,2130,L11N802,11,802,0.5595125,-0.5595125,-15.888448136965,9.14463244213141e-57,5.718646799134929e-51,True,0.5595125,2
neuron_neuron,L9N2043,9,2043,L11N681,11,681,0.5592274,-0.5592274,-15.880336125607306,9.14463244213141e-57,5.718646799134929e-51,True,0.5592274,2
neuron_neuron,L10N823,10,823,L11N2662,11,2662,0.5584693,0.5584693,15.879368161759006,1.035720312972054e-56,6.463954799194598e-51,True,0.5584693,1
neuron_neuron,L10N3060,10,3060,L11N1506,11,1506,0.55832464,0.55832464,15.87526403379526,1.035720312972054e-56,6.463954799194598e-51,True,0.55832464,1
neuron_neuron,L7N991,7,991,L10N853,10,853,0.5564813,0.5564813,15.878582792605409,1.0549456238163837e-56,6.577349884771767e-51,True,0.5564813,3
neuron_neuron,L2N1104,2,1104,L9N465,9,465,0.55910987,-0.55910987,-15.874592817209606,1.1913048567142206e-56,7.420091667717787e-51,True,0.55910987,7
neuron_neuron,L2N110,2,110,L5N2848,5,2848,0.5577207,-0.5577207,-15.860526702281986,1.2498151287894216e-56,7.77674857343042e-51,True,0.5577207,3
neuron_neuron,L5N1174,5,1174,L6N414,6,414,0.56041765,-0.56041765,-15.86430804050595,1.286366811462232e-56,7.988224319275355e-51,True,0.56041765,1
neuron_neuron,L0N826,0,826,L1N2564,1,2564,0.56027913,-0.56027913,-15.86037808855385,1.286366811462232e-56,7.988224319275355e-51,True,0.56027913,1
neuron_neuron,L5N1066,5,1066,L6N2430,6,2430,0.5577269,0.5577269,15.858306392583698,1.298147047902203e-56,8.029357182792985e-51,True,0.5577269,1
neuron_neuron,L7N244,7,244,L8N2069,8,2069,0.5578549,0.5578549,15.861937032360444,1.298147047902203e-56,8.029357182792985e-51,True,0.5578549,1
neuron_neuron,L3N3035,3,3035,L4N2930,4,2930,0.55768245,0.55768245,15.85704488477119,1.298147047902203e-56,8.029357182792985e-51,True,0.55768245,1
neuron_neuron,L10N2775,10,2775,L11N1043,11,1043,0.5578835,0.5578835,15.862748726395305,1.298147047902203e-56,8.029357182792985e-51,True,0.5578835,1
neuron_neuron,L0N933,0,933,L4N825,4,825,0.5546311,0.5546311,15.854839369532998,1.3133432164459505e-56,8.115290325968741e-51,True,0.5546311,4
neuron_neuron,L5N2073,5,2073,L7N704,7,704,0.55838686,-0.55838686,-15.856419005773263,1.438517324975581e-56,8.879945263397773e-51,True,0.55838686,2
neuron_neuron,L1N230,1,230,L2N1279,2,1279,0.55985564,-0.55985564,-15.84836332580872,1.611991429954047e-56,9.911505846390561e-51,True,0.55985564,1
neuron_neuron,L9N1077,9,1077,L10N1881,10,1881,0.5599897,-0.5599897,-15.852166450567877,1.611991429954047e-56,9.911505846390561e-51,True,0.5599897,1
neuron_neuron,L0N132,0,132,L1N2440,1,2440,0.56000805,-0.56000805,-15.852687287573575,1.611991429954047e-56,9.911505846390561e-51,True,0.56000805,1
neuron_neuron,L4N966,4,966,L5N2817,5,2817,0.5598992,-0.5598992,-15.84959946818264,1.611991429954047e-56,9.911505846390561e-51,True,0.5598992,1
neuron_neuron,L5N2526,5,2526,L6N1818,6,1818,0.5571883,0.5571883,15.843024561348267,1.6267404971420765e-56,9.982483348350369e-51,True,0.5571883,1
neuron_neuron,L9N2125,9,2125,L10N1554,10,1554,0.55714315,0.55714315,15.84174445221413,1.6267404971420765e-56,9.982483348350369e-51,True,0.55714315,1
neuron_neuron,L8N2522,8,2522,L11N553,11,553,0.55522585,0.55522585,15.842820024476428,1.659919577530045e-56,1.0166054941704206e-50,True,0.55522585,3
neuron_neuron,L0N1046,0,1046,L3N74,3,74,0.5554157,0.5554157,15.848227820919991,1.659919577530045e-56,1.0166054941704206e-50,True,0.5554157,3
neuron_neuron,L4N1763,4,1763,L5N2868,5,2868,0.5592465,-0.5592465,-15.831081006983217,2.0196384175918562e-56,1.233274664488912e-50,True,0.5592465,1
neuron_neuron,L1N1535,1,1535,L2N989,2,989,0.55939966,-0.55939966,-15.835426952128184,2.0196384175918562e-56,1.233274664488912e-50,True,0.55939966,1
neuron_neuron,L1N105,1,105,L2N2271,2,2271,0.5593132,-0.5593132,-15.83297326870198,2.0196384175918562e-56,1.233274664488912e-50,True,0.5593132,1
neuron_neuron,L1N580,1,580,L4N2903,4,2903,0.55466735,0.55466735,15.826910745771183,2.0815361623879315e-56,1.2698270564438592e-50,True,0.55466735,3
neuron_neuron,L1N2633,1,2633,L3N1106,3,1106,0.55730647,-0.55730647,-15.825677145461832,2.261069211425785e-56,1.3780003211422334e-50,True,0.55730647,2
neuron_neuron,L0N2103,0,2103,L2N410,2,410,0.5548536,0.5548536,15.820071197140372,2.5240843190296757e-56,1.5367902032385642e-50,True,0.5548536,2
neuron_neuron,L8N2611,8,2611,L9N2247,9,2247,0.5590839,-0.5590839,-15.826467879218445,2.529865958573651e-56,1.537304874206957e-50,True,0.5590839,1
neuron_neuron,L2N2394,2,2394,L3N1437,3,1437,0.5591056,-0.5591056,-15.827083413861544,2.529865958573651e-56,1.537304874206957e-50,True,0.5591056,1
neuron_neuron,L1N73,1,73,L6N414,6,414,0.5542709,0.5542709,15.817087578988389,2.549651136749184e-56,1.5478175207393176e-50,True,0.5542709,5
neuron_neuron,L0N280,0,280,L4N1378,4,1378,0.5531389,0.5531389,15.812240957614256,2.59365692508145e-56,1.5729989911404854e-50,True,0.5531389,4
neuron_neuron,L3N1718,3,1718,L5N477,5,477,0.5567576,-0.5567576,-15.810060293991697,2.833883264601146e-56,1.715350762846523e-50,True,0.5567576,2
neuron_neuron,L0N646,0,646,L2N2991,2,2991,0.55702686,-0.55702686,-15.817721166938114,2.833883264601146e-56,1.715350762846523e-50,True,0.55702686,2
neuron_neuron,L1N2934,1,2934,L2N1792,2,1792,0.5581958,-0.5581958,-15.80127323458232,3.168359062767058e-56,1.908535369365975e-50,True,0.5581958,1
neuron_neuron,L7N2887,7,2887,L8N592,8,592,0.5581745,-0.5581745,-15.800667846114656,3.168359062767058e-56,1.908535369365975e-50,True,0.5581745,1
neuron_neuron,L1N2730,1,2730,L2N842,2,842,0.5581598,-0.5581598,-15.800251852921791,3.168359062767058e-56,1.908535369365975e-50,True,0.5581598,1
neuron_neuron,L8N1281,8,1281,L10N1693,10,1693,0.5543035,0.5543035,15.804418729479874,3.1632194282796558e-56,1.908535369365975e-50,True,0.5543035,2
neuron_neuron,L0N1006,0,1006,L1N1558,1,1558,0.5581561,-0.5581561,-15.800145318079716,3.168359062767058e-56,1.908535369365975e-50,True,0.5581561,1
neuron_neuron,L0N1529,0,1529,L1N1558,1,1558,0.5558235,0.5558235,15.804305064856337,3.197270661719004e-56,1.9222328968545405e-50,True,0.5558235,1
neuron_neuron,L0N1981,0,1981,L1N1462,1,1462,0.5557223,0.5557223,15.801433697208028,3.197270661719004e-56,1.9222328968545405e-50,True,0.5557223,1
neuron_neuron,L0N41,0,41,L3N900,3,900,0.55514044,-0.55514044,-15.787024815926596,3.8725988801002884e-56,2.326002179865211e-50,True,0.55514044,3
neuron_neuron,L8N1906,8,1906,L10N1165,10,1165,0.5538415,0.5538415,15.791271267208318,3.9633941257512756e-56,2.3759542401630795e-50,True,0.5538415,2
neuron_neuron,L4N2094,4,2094,L6N2973,6,2973,0.5539012,0.5539012,15.792970668291405,3.9633941257512756e-56,2.3759542401630795e-50,True,0.5539012,2
neuron_neuron,L6N1059,6,1059,L8N2368,8,2368,0.55598617,-0.55598617,-15.788108848663942,4.448930287898741e-56,2.6644564097931187e-50,True,0.55598617,2
neuron_neuron,L3N2377,3,2377,L6N1554,6,1554,0.55490905,-0.55490905,-15.780433586477956,4.852557856238129e-56,2.900610143721377e-50,True,0.55490905,3
neuron_neuron,L8N1699,8,1699,L11N2912,11,2912,0.5550378,-0.5550378,-15.784101040266998,4.852557856238129e-56,2.900610143721377e-50,True,0.5550378,3
neuron_neuron,L2N352,2,352,L3N1366,3,1366,0.55716884,-0.55716884,-15.77213680078942,4.966462281844425e-56,2.960173792599518e-50,True,0.55716884,1
neuron_neuron,L9N945,9,945,L11N553,11,553,0.5532056,0.5532056,15.773178242503343,4.964982079591819e-56,2.960173792599518e-50,True,0.5532056,2
neuron_neuron,L3N1322,3,1322,L4N2303,4,2303,0.5575454,-0.5575454,-15.78282072352323,4.966462281844425e-56,2.960173792599518e-50,True,0.5575454,1
neuron_neuron,L2N2612,2,2612,L9N1090,9,1090,0.55497307,0.55497307,15.777198016097111,5.2549587069613555e-56,3.129132702848721e-50,True,0.55497307,7
neuron_neuron,L1N2673,1,2673,L3N1398,3,1398,0.55532277,-0.55532277,-15.769232267770958,5.5726420260590815e-56,3.315131976083529e-50,True,0.55532277,2
neuron_neuron,L3N900,3,900,L6N127,6,127,0.5542839,-0.5542839,-15.762626060857828,6.079266979216145e-56,3.6130693038999403e-50,True,0.5542839,3
neuron_neuron,L8N1747,8,1747,L9N633,9,633,0.5567249,-0.5567249,-15.759542015015215,6.216171802660198e-56,3.678227431072909e-50,True,0.5567249,1
neuron_neuron,L0N445,0,445,L2N2678,2,2678,0.55308455,0.55308455,15.769733648092412,6.218427736622354e-56,3.678227431072909e-50,True,0.55308455,2
neuron_neuron,L1N750,1,750,L3N2610,3,2610,0.5528862,0.5528862,15.764089329924232,6.218427736622354e-56,3.678227431072909e-50,True,0.5528862,2
neuron_neuron,L0N263,0,263,L1N2834,1,2834,0.55691266,-0.55691266,-15.76486875711897,6.216171802660198e-56,3.678227431072909e-50,True,0.55691266,1
neuron_neuron,L1N1571,1,1571,L2N197,2,197,0.5566469,-0.5566469,-15.757328457740991,6.216171802660198e-56,3.678227431072909e-50,True,0.5566469,1
neuron_neuron,L3N2088,3,2088,L4N2826,4,2826,0.55442053,0.55442053,15.76450161862202,6.27274276186962e-56,3.703321159693363e-50,True,0.55442053,1
neuron_neuron,L5N2070,5,2070,L6N1609,6,1609,0.5546109,0.5546109,15.7699027660123,6.27274276186962e-56,3.703321159693363e-50,True,0.5546109,1
neuron_neuron,L2N1314,2,1314,L7N232,7,232,0.55222696,0.55222696,15.758828183146962,6.290902136699847e-56,3.7105250618768507e-50,True,0.55222696,5
neuron_neuron,L1N2401,1,2401,L3N1995,3,1995,0.5548165,-0.5548165,-15.754826366773203,6.978774635228225e-56,4.1123544953585512e-50,True,0.5548165,2
neuron_neuron,L2N2331,2,2331,L3N1616,3,1616,0.556419,-0.556419,-15.750863652959202,7.778786876110855e-56,4.570801548187227e-50,True,0.556419,1
neuron_neuron,L0N2702,0,2702,L1N2710,1,2710,0.55649745,-0.55649745,-15.753089047438102,7.778786876110855e-56,4.570801548187227e-50,True,0.55649745,1
neuron_neuron,L1N1429,1,1429,L2N2641,2,2641,0.5562003,-0.5562003,-15.74465926668026,7.778786876110855e-56,4.570801548187227e-50,True,0.5562003,1
neuron_neuron,L8N2402,8,2402,L10N2467,10,2467,0.55226153,0.55226153,15.74631515492347,7.786745517277446e-56,4.5711656114134615e-50,True,0.55226153,2
neuron_neuron,L9N295,9,295,L10N1689,10,1689,0.55383366,0.55383366,15.747851744732008,7.849515084756896e-56,4.595021615536977e-50,True,0.55383366,1
neuron_neuron,L6N1059,6,1059,L7N3001,7,3001,0.5539383,0.5539383,15.750821192076192,7.849515084756896e-56,4.595021615536977e-50,True,0.5539383,1
neuron_neuron,L10N571,10,571,L11N438,11,438,0.55398464,0.55398464,15.75213512179512,7.849515084756896e-56,4.595021615536977e-50,True,0.55398464,1
neuron_neuron,L1N1120,1,1120,L3N1995,3,1995,0.55413115,-0.55413115,-15.735325654544312,8.737952620070959e-56,5.110300469001743e-50,True,0.55413115,2
neuron_neuron,L8N3068,8,3068,L11N2912,11,2912,0.5535656,-0.5535656,-15.742164724926464,9.535622961381336e-56,5.571578121123749e-50,True,0.5535656,3
neuron_neuron,L3N695,3,695,L5N1365,5,1365,0.55198044,0.55198044,15.738316776173129,9.748636005515398e-56,5.685372972268607e-50,True,0.55198044,2
neuron_neuron,L9N2468,9,2468,L11N906,11,906,0.5520692,0.5520692,15.74084213367085,9.748636005515398e-56,5.685372972268607e-50,True,0.5520692,2
neuron_neuron,L5N2670,5,2670,L6N2613,6,2613,0.55359507,0.55359507,15.741082554687145,9.820671310339532e-56,5.716678338791484e-50,True,0.55359507,1
neuron_neuron,L4N2259,4,2259,L5N1907,5,1907,0.5532097,0.5532097,15.73015005065516,9.820671310339532e-56,5.716678338791484e-50,True,0.5532097,1
neuron_neuron,L0N2511,0,2511,L1N709,1,709,0.55513114,-0.55513114,-15.714325584185946,1.2173868098500534e-55,7.07326883736983e-50,True,0.55513114,1
neuron_neuron,L2N957,2,957,L3N513,3,513,0.55536264,-0.55536264,-15.720893541751334,1.2173868098500534e-55,7.07326883736983e-50,True,0.55536264,1
neuron_neuron,L1N925,1,925,L3N1366,3,1366,0.5512091,0.5512091,15.716368722863502,1.2202370656799783e-55,7.083221929367891e-50,True,0.5512091,2
neuron_neuron,L9N11,9,11,L10N1689,10,1689,0.5530505,0.5530505,15.725633311557027,1.2284359593328462e-55,7.117548166596081e-50,True,0.5530505,1
neuron_neuron,L0N432,0,432,L1N2537,1,2537,0.55273265,0.55273265,15.716615052623917,1.2284359593328462e-55,7.117548166596081e-50,True,0.55273265,1
neuron_neuron,L2N2934,2,2934,L11N2214,11,2214,0.5556189,0.5556189,15.71248720137964,1.2464117072512488e-55,7.21498789025609e-50,True,0.5556189,9
neuron_neuron,L2N2135,2,2135,L5N881,5,881,0.5508321,0.5508321,15.717659674448994,1.2635766527678779e-55,7.307557608524808e-50,True,0.5508321,3
neuron_neuron,L7N79,7,79,L9N2315,9,2315,0.55346584,-0.55346584,-15.716394801361249,1.3690148579310329e-55,7.909986803895317e-50,True,0.55346584,2
neuron_neuron,L1N3051,1,3051,L7N3060,7,3060,0.5518828,-0.5518828,-15.71186847817296,1.4165331812051839e-55,8.176956089222908e-50,True,0.5518828,6
neuron_neuron,L0N2418,0,2418,L3N1533,3,1533,0.55244815,-0.55244815,-15.710332584353791,1.4945005641774122e-55,8.61903582970592e-50,True,0.55244815,3
neuron_neuron,L5N1344,5,1344,L6N1353,6,1353,0.5524654,0.5524654,15.709032477514956,1.5363029484067232e-55,8.85192097922799e-50,True,0.5524654,1
neuron_neuron,L0N1418,0,1418,L3N900,3,900,0.55018985,0.55018985,15.6993648528856,1.581645306727583e-55,9.104753545595437e-50,True,0.55018985,3
neuron_neuron,L4N68,4,68,L6N1609,6,1609,0.55297774,-0.55297774,-15.702506183128309,1.713074014229099e-55,9.843129600934588e-50,True,0.55297774,2
neuron_neuron,L0N1941,0,1941,L2N1152,2,1152,0.5530314,-0.5530314,-15.704032591286769,1.713074014229099e-55,9.843129600934588e-50,True,0.5530314,2
neuron_neuron,L8N1062,8,1062,L11N2187,11,2187,0.5517877,-0.5517877,-15.691518206836951,1.870415210244871e-55,1.0737289075591236e-49,True,0.5517877,3
neuron_neuron,L0N587,0,587,L1N2730,1,2730,0.55430686,-0.55430686,-15.69094034083586,1.9036947131143427e-55,1.090822576793155e-49,True,0.55430686,1
neuron_neuron,L2N1711,2,1711,L3N1366,3,1366,0.5545808,-0.5545808,-15.698712311219618,1.9036947131143427e-55,1.090822576793155e-49,True,0.5545808,1
neuron_neuron,L1N242,1,242,L2N1825,2,1825,0.5517477,0.5517477,15.688670794444713,1.920941796003501e-55,1.0996935275952053e-49,True,0.5517477,1
neuron_neuron,L2N2582,2,2582,L4N748,4,748,0.5521529,-0.5521529,-15.67903511367835,2.1431697904956376e-55,1.2246625553264402e-49,True,0.5521529,2
neuron_neuron,L2N807,2,807,L4N2615,4,2615,0.55221236,-0.55221236,-15.680727730725176,2.1431697904956376e-55,1.2246625553264402e-49,True,0.55221236,2
neuron_neuron,L9N779,9,779,L10N305,10,305,0.55381304,-0.55381304,-15.676930163588374,2.3798586242617283e-55,1.3549404079118432e-49,True,0.55381304,1
neuron_neuron,L9N2598,9,2598,L10N271,10,271,0.55388045,-0.55388045,-15.678842717658004,2.3798586242617283e-55,1.3549404079118432e-49,True,0.55388045,1
neuron_neuron,L9N2313,9,2313,L10N555,10,555,0.5540161,-0.5540161,-15.68269150020662,2.3798586242617283e-55,1.3549404079118432e-49,True,0.5540161,1
neuron_neuron,L3N3035,3,3035,L4N2835,4,2835,0.5537409,-0.5537409,-15.674884018208838,2.3798586242617283e-55,1.3549404079118432e-49,True,0.5537409,1
neuron_neuron,L0N2511,0,2511,L1N1675,1,1675,0.55134606,0.55134606,15.6772766394304,2.401400227887258e-55,1.3647099300566817e-49,True,0.55134606,1
neuron_neuron,L1N666,1,666,L2N110,2,110,0.5514492,0.5514492,15.680202120014366,2.401400227887258e-55,1.3647099300566817e-49,True,0.5514492,1
neuron_neuron,L9N707,9,707,L11N681,11,681,0.55161244,-0.55161244,-15.663657399486372,2.6807080418779243e-55,1.5206649478486254e-49,True,0.55161244,2
neuron_neuron,L0N1781,0,1781,L2N2135,2,2135,0.55179346,-0.55179346,-15.668808179016652,2.6807080418779243e-55,1.5206649478486254e-49,True,0.55179346,2
neuron_neuron,L1N455,1,455,L8N2079,8,2079,0.5520099,-0.5520099,-15.67287778535871,2.7694615809337463e-55,1.5695820039430168e-49,True,0.5520099,7
neuron_neuron,L0N2852,0,2852,L3N1533,3,1533,0.5506756,-0.5506756,-15.659838876838826,2.9279171587531703e-55,1.6578775778346528e-49,True,0.5506756,3
neuron_neuron,L10N1037,10,1037,L11N1367,11,1367,0.55358154,-0.55358154,-15.670362206022986,2.9745276701635687e-55,1.6827401324287412e-49,True,0.55358154,1
neuron_neuron,L5N2925,5,2925,L7N258,7,258,0.54944986,0.54944986,15.66631101531126,2.98930687389997e-55,1.6880346093347973e-49,True,0.54944986,2
neuron_neuron,L8N55,8,55,L10N1693,10,1693,0.5495902,0.5495902,15.670303420650171,2.98930687389997e-55,1.6880346093347973e-49,True,0.5495902,2
neuron_neuron,L9N2126,9,2126,L10N1165,10,1165,0.5509861,0.5509861,15.667064513854353,3.001427718664253e-55,1.6887549164286329e-49,True,0.5509861,1
neuron_neuron,L0N1168,0,1168,L1N666,1,666,0.5508534,0.5508534,15.663298591738462,3.001427718664253e-55,1.6887549164286329e-49,True,0.5508534,1
neuron_neuron,L6N470,6,470,L7N704,7,704,0.55061746,0.55061746,15.656605498009368,3.001427718664253e-55,1.6887549164286329e-49,True,0.55061746,1
neuron_neuron,L3N1179,3,1179,L4N1925,4,1925,0.5509935,0.5509935,15.667274201480025,3.001427718664253e-55,1.6887549164286329e-49,True,0.5509935,1
neuron_neuron,L1N222,1,222,L4N2253,4,2253,0.54877865,0.54877865,15.65916548440904,3.0981708096251757e-55,1.7416141945802128e-49,True,0.54877865,3
neuron_neuron,L1N2324,1,2324,L3N1706,3,1706,0.5515746,-0.5515746,-15.662580433730126,3.3523931347548975e-55,1.8811278885578728e-49,True,0.5515746,2
neuron_neuron,L0N1612,0,1612,L2N714,2,714,0.55148673,-0.55148673,-15.660080516368376,3.3523931347548975e-55,1.8811278885578728e-49,True,0.55148673,2
neuron_neuron,L2N1153,2,1153,L3N2265,3,2265,0.55275536,-0.55275536,-15.646922849737242,3.7170454257402114e-55,2.0819938371029997e-49,True,0.55275536,1
neuron_neuron,L9N542,9,542,L10N271,10,271,0.5529512,-0.5529512,-15.652479571817535,3.7170454257402114e-55,2.0819938371029997e-49,True,0.5529512,1
neuron_neuron,L3N2510,3,2510,L4N2622,4,2622,0.5501707,0.5501707,15.643931233860918,3.750630069685523e-55,2.09891777314882e-49,True,0.5501707,1
neuron_neuron,L1N580,1,580,L6N1653,6,1653,0.5485265,0.5485265,15.653354076299204,3.7928185165342304e-55,2.120621840631309e-49,True,0.5485265,5
neuron_neuron,L1N3041,1,3041,L3N145,3,145,0.55095804,-0.55095804,-15.645036915962198,4.191532673001375e-55,2.3414470807984778e-49,True,0.55095804,2
neuron_neuron,L5N22,5,22,L6N7,6,7,0.55251247,-0.55251247,-15.64003190558715,4.6439841114984885e-55,2.5895476710089448e-49,True,0.55251247,1
neuron_neuron,L0N805,0,805,L1N666,1,666,0.55214834,-0.55214834,-15.629701407964353,4.6439841114984885e-55,2.5895476710089448e-49,True,0.55214834,1
neuron_neuron,L10N1318,10,1318,L11N3051,11,3051,0.5499646,0.5499646,15.638083654751467,4.6859060239345744e-55,2.6059249869662613e-49,True,0.5499646,1
neuron_neuron,L4N2258,4,2258,L5N2667,5,2667,0.54977065,0.54977065,15.63258104560683,4.6859060239345744e-55,2.6059249869662613e-49,True,0.54977065,1
neuron_neuron,L10N370,10,370,L11N1577,11,1577,0.55001223,0.55001223,15.639434787113656,4.6859060239345744e-55,2.6059249869662613e-49,True,0.55001223,1
neuron_neuron,L2N1195,2,1195,L5N1365,5,1365,0.54769105,0.54769105,15.628183989367995,4.84541517090305e-55,2.6922274028523047e-49,True,0.54769105,3
neuron_neuron,L0N1175,0,1175,L6N2674,6,2674,0.54807884,0.54807884,15.631770449856385,5.4472821953524646e-55,3.0239414339685386e-49,True,0.54807884,6
neuron_neuron,L2N2750,2,2750,L5N2060,5,2060,0.5493888,-0.5493888,-15.623184713691677,5.725746553320029e-55,3.1756945398300067e-49,True,0.5493888,3
neuron_neuron,L1N925,1,925,L2N1929,2,1929,0.5517241,-0.5517241,-15.617664661839113,5.800916092910928e-55,3.2031246697392385e-49,True,0.5517241,1
neuron_neuron,L2N2394,2,2394,L3N1718,3,1718,0.5518469,-0.5518469,-15.62114987310128,5.800916092910928e-55,3.2031246697392385e-49,True,0.5518469,1
neuron_neuron,L1N2730,1,2730,L2N1237,2,1237,0.55183345,-0.55183345,-15.620767700493204,5.800916092910928e-55,3.2031246697392385e-49,True,0.55183345,1
neuron_neuron,L1N1543,1,1543,L2N1529,2,1529,0.55196685,-0.55196685,-15.624552223930726,5.800916092910928e-55,3.2031246697392385e-49,True,0.55196685,1
neuron_neuron,L5N2073,5,2073,L6N1609,6,1609,0.55189,-0.55189,-15.622372487241286,5.800916092910928e-55,3.2031246697392385e-49,True,0.55189,1
neuron_neuron,L9N1584,9,1584,L11N2912,11,2912,0.5479993,0.5479993,15.625036938706437,5.841122752891379e-55,3.222469009965529e-49,True,0.5479993,2
neuron_neuron,L6N1138,6,1138,L7N493,7,493,0.5495835,0.5495835,15.627271213795472,5.853234447548197e-55,3.226293213680483e-49,True,0.5495835,1
neuron_neuron,L1N79,1,79,L5N881,5,881,0.5465734,0.5465734,15.624813049834696,6.0616358196770544e-55,3.33820953996878e-49,True,0.5465734,4
neuron_neuron,L5N2087,5,2087,L6N454,6,454,0.5515068,-0.5515068,-15.611500860261916,7.244617233373372e-55,3.982647718888279e-49,True,0.5515068,1
neuron_neuron,L9N2326,9,2326,L10N555,10,555,0.55139184,-0.55139184,-15.608238864859333,7.244617233373372e-55,3.982647718888279e-49,True,0.55139184,1
neuron_neuron,L5N2920,5,2920,L7N2273,7,2273,0.54732805,0.54732805,15.605936484616878,7.299558417062787e-55,3.990359109776598e-49,True,0.54732805,2
neuron_neuron,L4N107,4,107,L6N2141,6,2141,0.547509,0.547509,15.61108556813809,7.299558417062787e-55,3.990359109776598e-49,True,0.547509,2
neuron_neuron,L0N2991,0,2991,L2N2643,2,2643,0.54737264,0.54737264,15.607205099397468,7.299558417062787e-55,3.990359109776598e-49,True,0.54737264,2
neuron_neuron,L0N2977,0,2977,L2N110,2,110,0.54734,0.54734,15.60627568642987,7.299558417062787e-55,3.990359109776598e-49,True,0.54734,2
neuron_neuron,L1N1303,1,1303,L2N2824,2,2824,0.54884017,0.54884017,15.606182388152336,7.309897169529144e-55,3.990359109776598e-49,True,0.54884017,1
neuron_neuron,L2N1929,2,1929,L3N1366,3,1366,0.54891294,0.54891294,15.608247134853505,7.309897169529144e-55,3.990359109776598e-49,True,0.54891294,1
neuron_neuron,L1N2121,1,2121,L2N2489,2,2489,0.548766,0.548766,15.604078747778663,7.309897169529144e-55,3.990359109776598e-49,True,0.548766,1
neuron_neuron,L10N1449,10,1449,L11N2720,11,2720,0.5487964,0.5487964,15.6049411726907,7.309897169529144e-55,3.990359109776598e-49,True,0.5487964,1
neuron_neuron,L0N646,0,646,L10N60,10,60,0.5481122,-0.5481122,-15.613827139217426,7.323867613115415e-55,3.9944844946903024e-49,True,0.5481122,10
neuron_neuron,L1N750,1,750,L5N2817,5,2817,0.54751766,-0.54751766,-15.60858078658868,7.625399579843115e-55,4.155303349047369e-49,True,0.54751766,4
neuron_neuron,L0N321,0,321,L2N2678,2,2678,0.5494694,-0.5494694,-15.602679089564866,8.182792314249716e-55,4.451254237922957e-49,True,0.5494694,2
neuron_neuron,L0N2918,0,2918,L2N2394,2,2394,0.5494186,-0.5494186,-15.60123408984152,8.182792314249716e-55,4.451254237922957e-49,True,0.5494186,2
neuron_neuron,L3N1004,3,1004,L4N68,4,68,0.5507307,-0.5507307,-15.589481968537171,9.045806816954434e-55,4.916420821783175e-49,True,0.5507307,1
neuron_neuron,L8N2882,8,2882,L10N345,10,345,0.5466891,0.5466891,15.587755267440526,9.120304404307309e-55,4.943427127650934e-49,True,0.5466891,2
neuron_neuron,L0N263,0,263,L1N2324,1,2324,0.54821724,0.54821724,15.588509441572556,9.127243113916849e-55,4.943427127650934e-49,True,0.54821724,1
neuron_neuron,L2N241,2,241,L4N1727,4,1727,0.5470033,0.5470033,15.596696627230983,9.120304404307309e-55,4.943427127650934e-49,True,0.5470033,2
neuron_neuron,L0N1469,0,1469,L1N824,1,824,0.54821676,0.54821676,15.588495913338642,9.127243113916849e-55,4.943427127650934e-49,True,0.54821676,1
neuron_neuron,L8N687,8,687,L11N1186,11,1186,0.5465061,0.5465061,15.594429831346623,9.462625605621243e-55,5.120621695553172e-49,True,0.5465061,3
neuron_neuron,L0N293,0,293,L7N2402,7,2402,0.5489284,-0.5489284,-15.585330433727052,1.0537771570104011e-54,5.697478030351277e-49,True,0.5489284,7
neuron_neuron,L9N1237,9,1237,L10N2409,10,2409,0.55054045,-0.55054045,-15.58408420320537,1.1292554011872711e-54,6.084441230656352e-49,True,0.55054045,1
neuron_neuron,L5N2723,5,2723,L6N1353,6,1353,0.5505612,-0.5505612,-15.584672681380642,1.1292554011872711e-54,6.084441230656352e-49,True,0.5505612,1
neuron_neuron,L1N2401,1,2401,L2N642,2,642,0.55017227,-0.55017227,-15.5736387155943,1.1292554011872711e-54,6.084441230656352e-49,True,0.55017227,1
neuron_neuron,L6N2409,6,2409,L7N493,7,493,0.5503748,-0.5503748,-15.579384832949394,1.1292554011872711e-54,6.084441230656352e-49,True,0.5503748,1
neuron_neuron,L1N867,1,867,L2N1529,2,1529,0.5480079,0.5480079,15.582570546884185,1.1394124833722315e-54,6.128564654522673e-49,True,0.5480079,1
neuron_neuron,L0N2403,0,2403,L2N110,2,110,0.5464416,0.5464416,15.58071343780282,1.1392907459020228e-54,6.128564654522673e-49,True,0.5464416,2
neuron_neuron,L1N1983,1,1983,L5N1866,5,1866,0.54492444,0.54492444,15.577739550105038,1.184763435651613e-54,6.3669958201491325e-49,True,0.54492444,4
neuron_neuron,L9N945,9,945,L10N271,10,271,0.5498702,-0.5498702,-15.565068579409598,1.409451215784594e-54,7.567952849286831e-49,True,0.5498702,1
neuron_neuron,L0N694,0,694,L1N824,1,824,0.5474731,0.5474731,15.56739694152007,1.4221170141050014e-54,7.620420566686439e-49,True,0.5474731,1
neuron_neuron,L5N594,5,594,L7N2880,7,2880,0.54609764,0.54609764,15.570925769488944,1.4228931772277535e-54,7.620420566686439e-49,True,0.54609764,2
neuron_neuron,L7N1299,7,1299,L8N1561,8,1561,0.547249,0.547249,15.561040362609592,1.4221170141050014e-54,7.620420566686439e-49,True,0.547249,1
neuron_neuron,L5N1365,5,1365,L8N583,8,583,0.54548025,0.54548025,15.565207355808104,1.4769311300997482e-54,7.896246135495548e-49,True,0.54548025,3
neuron_neuron,L1N2553,1,2553,L4N825,4,825,0.545386,0.545386,15.562522983381957,1.4769311300997482e-54,7.896246135495548e-49,True,0.545386,3
neuron_neuron,L2N2731,2,2731,L4N1046,4,1046,0.5476429,-0.5476429,-15.550706587778286,1.594566420166314e-54,8.51785851358348e-49,True,0.5476429,2
neuron_neuron,L2N1295,2,1295,L8N1631,8,1631,0.54615724,-0.54615724,-15.548717364844672,1.6551583235972286e-54,8.833952192190463e-49,True,0.54615724,6
neuron_neuron,L1N397,1,397,L2N2678,2,2678,0.54932165,-0.54932165,-15.549506037320446,1.758818097498652e-54,9.363137953583176e-49,True,0.54932165,1
neuron_neuron,L0N2587,0,2587,L1N1765,1,1765,0.5491716,-0.5491716,-15.545249716725165,1.758818097498652e-54,9.363137953583176e-49,True,0.5491716,1
neuron_neuron,L0N619,0,619,L1N1701,1,1701,0.5491852,-0.5491852,-15.54563527139172,1.758818097498652e-54,9.363137953583176e-49,True,0.5491852,1
neuron_neuron,L1N242,1,242,L10N3055,10,3055,0.5497077,-0.5497077,-15.546088623929217,1.7637588459535647e-54,9.381421914763751e-49,True,0.5497077,9
neuron_neuron,L2N2331,2,2331,L5N303,5,303,0.5446973,0.5446973,15.542903803505853,1.8446033097524238e-54,9.794704309594312e-49,True,0.5446973,3
neuron_neuron,L4N60,4,60,L7N2531,7,2531,0.54476285,0.54476285,15.544771488305829,1.8446033097524238e-54,9.794704309594312e-49,True,0.54476285,3
neuron_neuron,L1N709,1,709,L3N1570,3,1570,0.54748046,-0.54748046,-15.546084963076275,1.990893182714506e-54,1.0553498460553864e-48,True,0.54748046,2
neuron_neuron,L2N1237,2,1237,L4N919,4,919,0.5475142,-0.5475142,-15.54704490420704,1.990893182714506e-54,1.0553498460553864e-48,True,0.5475142,2
neuron_neuron,L2N2769,2,2769,L5N2059,5,2059,0.54637676,-0.54637676,-15.53738327398081,2.177763733016392e-54,1.1534261613623888e-48,True,0.54637676,3
neuron_neuron,L1N1234,1,1234,L2N2643,2,2643,0.5464459,0.5464459,15.538255434639453,2.214027781419993e-54,1.1716366852919024e-48,True,0.5464459,1
neuron_neuron,L0N2456,0,2456,L2N410,2,410,0.5448453,0.5448453,15.535290923025109,2.2181209694932463e-54,1.1718115672113368e-48,True,0.5448453,2
neuron_neuron,L9N2238,9,2238,L11N802,11,802,0.5449847,0.5449847,15.539257888228043,2.2181209694932463e-54,1.1718115672113368e-48,True,0.5449847,2
neuron_neuron,L3N1004,3,1004,L6N470,6,470,0.5445352,0.5445352,15.538287226259367,2.3033398454430358e-54,1.215800650656368e-48,True,0.5445352,3
neuron_neuron,L1N1558,1,1558,L5N1856,5,1856,0.54500747,-0.54500747,-15.536921528767795,2.3250901248494237e-54,1.2262421841117199e-48,True,0.54500747,4
neuron_neuron,L5N881,5,881,L6N7,6,7,0.54853046,-0.54853046,-15.527059315198164,2.7371695331920025e-54,1.4423497348385654e-48,True,0.54853046,1
neuron_neuron,L10N1417,10,1417,L11N1618,11,1618,0.54569453,0.54569453,15.516938320049013,2.761699631606301e-54,1.4491457961493325e-48,True,0.54569453,1
neuron_neuron,L10N1428,10,1428,L11N2129,11,2129,0.54587513,0.54587513,15.522062138644047,2.761699631606301e-54,1.4491457961493325e-48,True,0.54587513,1
neuron_neuron,L7N3023,7,3023,L8N2030,8,2030,0.54599464,0.54599464,15.525452652268816,2.761699631606301e-54,1.4491457961493325e-48,True,0.54599464,1
neuron_neuron,L0N1871,0,1871,L1N117,1,117,0.54595506,0.54595506,15.52432980885393,2.761699631606301e-54,1.4491457961493325e-48,True,0.54595506,1
neuron_neuron,L10N1347,10,1347,L11N1043,11,1043,0.5456172,0.5456172,15.514745055125656,2.761699631606301e-54,1.4491457961493325e-48,True,0.5456172,1
neuron_neuron,L1N242,1,242,L2N642,2,642,0.5480754,-0.5480754,-15.514148306956214,3.41359185118603e-54,1.7866973365007144e-48,True,0.5480754,1
neuron_neuron,L8N1265,8,1265,L9N1237,9,1237,0.5480333,-0.5480333,-15.512954440313278,3.41359185118603e-54,1.7866973365007144e-48,True,0.5480333,1
neuron_neuron,L9N552,9,552,L10N383,10,383,0.54784596,-0.54784596,-15.5076395354142,3.41359185118603e-54,1.7866973365007144e-48,True,0.54784596,1
neuron_neuron,L9N2578,9,2578,L10N1881,10,1881,0.5452929,0.5452929,15.5055441650347,3.4441560843071075e-54,1.7981616845712452e-48,True,0.5452929,1
neuron_neuron,L2N605,2,605,L3N2108,3,2108,0.54528785,0.54528785,15.50540042754936,3.4441560843071075e-54,1.7981616845712452e-48,True,0.54528785,1
neuron_neuron,L1N683,1,683,L2N2361,2,2361,0.54538053,0.54538053,15.50802997801645,3.4441560843071075e-54,1.7981616845712452e-48,True,0.54538053,1
neuron_neuron,L3N2101,3,2101,L5N1145,5,1145,0.54379874,0.54379874,15.50551239586257,3.455000628586897e-54,1.800804568232597e-48,True,0.54379874,2
neuron_neuron,L9N1690,9,1690,L11N597,11,597,0.5438977,0.5438977,15.508327770910402,3.455000628586897e-54,1.800804568232597e-48,True,0.5438977,2
neuron_neuron,L2N2331,2,2331,L5N1174,5,1174,0.5450396,-0.5450396,-15.49929269143295,4.2356113217966285e-54,2.2039833451581856e-48,True,0.5450396,3
neuron_neuron,L0N1168,0,1168,L3N1533,3,1533,0.54475427,-0.54475427,-15.491164866762514,4.2356113217966285e-54,2.2039833451581856e-48,True,0.54475427,3
neuron_neuron,L0N2629,0,2629,L1N2537,1,2537,0.5473358,-0.5473358,-15.493166016155152,4.2563222015551236e-54,2.211065822717108e-48,True,0.5473358,1
neuron_neuron,L2N940,2,940,L3N630,3,630,0.547451,-0.547451,-15.496434775674691,4.2563222015551236e-54,2.211065822717108e-48,True,0.547451,1
neuron_neuron,L8N483,8,483,L9N2681,9,2681,0.54476094,0.54476094,15.490451729074072,4.2943972416334515e-54,2.228985931611304e-48,True,0.54476094,1
neuron_neuron,L2N895,2,895,L4N955,4,955,0.543556,0.543556,15.498604550940996,4.310705202293566e-54,2.2355875094179063e-48,True,0.543556,2
neuron_neuron,L8N687,8,687,L11N1420,11,1420,0.54447037,-0.54447037,-15.48307779157862,5.284969435223642e-54,2.7362968525705608e-48,True,0.54447037,3
neuron_neuron,L0N2485,0,2485,L3N1718,3,1718,0.54446536,-0.54446536,-15.482935168375713,5.284969435223642e-54,2.7362968525705608e-48,True,0.54446536,3
neuron_neuron,L9N2928,9,2928,L10N1808,10,1808,0.54664516,-0.54664516,-15.473572060359544,5.306038634342089e-54,2.742645768982632e-48,True,0.54664516,1
neuron_neuron,L0N619,0,619,L1N12,1,12,0.5467755,-0.5467755,-15.477270341305864,5.306038634342089e-54,2.742645768982632e-48,True,0.5467755,1
neuron_neuron,L1N1303,1,1303,L2N2394,2,2394,0.544363,0.544363,15.479162417872598,5.353460636677098e-54,2.764863302068996e-48,True,0.544363,1
neuron_neuron,L0N1168,0,1168,L2N2911,2,2911,0.54286665,0.54286665,15.478990206104754,5.377259698957991e-54,2.7748537587905356e-48,True,0.54286665,2
neuron_neuron,L0N935,0,935,L5N1529,5,1529,0.5424725,0.5424725,15.48079467948322,5.48022452758733e-54,2.8256461565051414e-48,True,0.5424725,5
neuron_neuron,L0N587,0,587,L3N1570,3,1570,0.5424628,0.5424628,15.479253105522696,5.588575979726445e-54,2.87675017192684e-48,True,0.5424628,3
neuron_neuron,L2N410,2,410,L5N2848,5,2848,0.54258454,0.54258454,15.482720207669558,5.588575979726445e-54,2.87675017192684e-48,True,0.54258454,3
neuron_neuron,L8N1393,8,1393,L10N259,10,259,0.54473823,-0.54473823,-15.468056674024742,6.022295917900641e-54,3.0948943637448e-48,True,0.54473823,2
neuron_neuron,L6N418,6,418,L8N38,8,38,0.5450827,-0.5450827,-15.477857910411135,6.022295917900641e-54,3.0948943637448e-48,True,0.5450827,2
neuron_neuron,L1N2628,1,2628,L4N522,4,522,0.543859,-0.543859,-15.465662479766488,6.592970922691122e-54,3.3853744933797763e-48,True,0.543859,3
neuron_neuron,L2N280,2,280,L3N1681,3,1681,0.5463934,-0.5463934,-15.4664291528528,6.613316810324542e-54,3.390231918432513e-48,True,0.5463934,1
neuron_neuron,L0N3012,0,3012,L1N1098,1,1098,0.54646677,-0.54646677,-15.46851080984636,6.613316810324542e-54,3.390231918432513e-48,True,0.54646677,1
neuron_neuron,L2N468,2,468,L3N1665,3,1665,0.5441097,0.5441097,15.471975543605632,6.672368463278322e-54,3.417691075368269e-48,True,0.5441097,1
neuron_neuron,L6N470,6,470,L8N2461,8,2461,0.5423684,0.5423684,15.464813266330768,6.706349691172333e-54,3.4322741957763413e-48,True,0.5423684,2
neuron_neuron,L0N3012,0,3012,L3N1533,3,1533,0.5420968,0.5420968,15.468826330653016,6.971362976664851e-54,3.5649772736813434e-48,True,0.5420968,3
neuron_neuron,L0N1294,0,1294,L2N2075,2,2075,0.54439825,-0.54439825,-15.45838263831822,7.51004265372138e-54,3.834148515153376e-48,True,0.54439825,2
neuron_neuron,L0N694,0,694,L2N2135,2,2135,0.54456943,-0.54456943,-15.46325357635278,7.51004265372138e-54,3.834148515153376e-48,True,0.54456943,2
neuron_neuron,L1N2730,1,2730,L4N949,4,949,0.543138,-0.543138,-15.44512473854785,8.22303506667976e-54,4.194718646632929e-48,True,0.543138,3
neuron_neuron,L6N1500,6,1500,L7N999,7,999,0.54567236,-0.54567236,-15.445972772145154,8.241025493737671e-54,4.200455711607328e-48,True,0.54567236,1
neuron_neuron,L8N224,8,224,L9N2995,9,2995,0.5434465,0.5434465,15.453159461260094,8.314544035232015e-54,4.2206586860755846e-48,True,0.5434465,1
neuron_neuron,L4N114,4,114,L5N13,5,13,0.54360926,0.54360926,15.457777662112584,8.314544035232015e-54,4.2206586860755846e-48,True,0.54360926,1
neuron_neuron,L9N977,9,977,L10N113,10,113,0.54334474,0.54334474,15.450272874348634,8.314544035232015e-54,4.2206586860755846e-48,True,0.54334474,1
neuron_neuron,L7N886,7,886,L8N1778,8,1778,0.5435223,0.5435223,15.455310450452467,8.314544035232015e-54,4.2206586860755846e-48,True,0.5435223,1
neuron_neuron,L1N580,1,580,L2N1269,2,1269,0.5435056,0.5435056,15.454836962265468,8.314544035232015e-54,4.2206586860755846e-48,True,0.5435056,1
neuron_neuron,L0N1469,0,1469,L2N1971,2,1971,0.54172134,0.54172134,15.446401391921585,8.362264018196173e-54,4.2379746110297615e-48,True,0.54172134,2
neuron_neuron,L6N470,6,470,L8N2069,8,2069,0.5417941,0.5417941,15.448472218989895,8.362264018196173e-54,4.2379746110297615e-48,True,0.5417941,2
neuron_neuron,L3N176,3,176,L5N1864,5,1864,0.5436481,-0.5436481,-15.43703836423572,9.363435263816883e-54,4.741507687922016e-48,True,0.5436481,2
neuron_neuron,L0N2918,0,2918,L3N1718,3,1718,0.5427196,-0.5427196,-15.433205513733462,1.0254049896935763e-53,5.1865608671711945e-48,True,0.5427196,3
neuron_neuron,L0N1342,0,1342,L1N636,1,636,0.5454418,-0.5454418,-15.439431871047596,1.0267298710020435e-53,5.1865608671711945e-48,True,0.5454418,1
neuron_neuron,L6N1167,6,1167,L7N2995,7,2995,0.54553413,-0.54553413,-15.442051275339251,1.0267298710020435e-53,5.1865608671711945e-48,True,0.54553413,1
neuron_neuron,L9N2396,9,2396,L10N2013,10,2013,0.5427647,0.5427647,15.43381746882114,1.0358809932985281e-53,5.2243139219985793e-48,True,0.5427647,1
neuron_neuron,L10N865,10,865,L11N1679,11,1679,0.54277635,0.54277635,15.4341472195228,1.0358809932985281e-53,5.2243139219985793e-48,True,0.54277635,1
neuron_neuron,L0N587,0,587,L2N2331,2,2331,0.5415877,0.5415877,15.442598939597946,1.0424951716710405e-53,5.2491708793476077e-48,True,0.5415877,2
neuron_neuron,L2N1597,2,1597,L4N2622,4,2622,0.5415999,0.5415999,15.442946621456263,1.0424951716710405e-53,5.2491708793476077e-48,True,0.5415999,2
neuron_neuron,L0N2456,0,2456,L3N1533,3,1533,0.5409585,0.5409585,15.436401624630172,1.0841457538710606e-53,5.450078091191237e-48,True,0.5409585,3
neuron_neuron,L0N1209,0,1209,L3N1533,3,1533,0.5406704,0.5406704,15.428193998881918,1.0841457538710606e-53,5.450078091191237e-48,True,0.5406704,3
neuron_neuron,L6N2121,6,2121,L10N1307,10,1307,0.54001766,0.54001766,15.437664196960457,1.0915553470084455e-53,5.482901381367486e-48,True,0.54001766,4
neuron_neuron,L5N303,5,303,L7N1486,7,1486,0.5431857,-0.5431857,-15.423880725909775,1.167187205345565e-53,5.853360609285543e-48,True,0.5431857,2
neuron_neuron,L0N587,0,587,L2N1416,2,1416,0.5433483,-0.5433483,-15.42850743863898,1.167187205345565e-53,5.853360609285543e-48,True,0.5433483,2
neuron_neuron,L0N1846,0,1846,L1N1033,1,1033,0.5450421,-0.5450421,-15.428091828968943,1.2789222634266812e-53,6.408544099993306e-48,True,0.5450421,1
neuron_neuron,L5N1032,5,1032,L6N1246,6,1246,0.5422964,0.5422964,15.42053105208807,1.2903107100012321e-53,6.455223877685538e-48,True,0.5422964,1
neuron_neuron,L7N324,7,324,L8N17,8,17,0.5421386,0.5421386,15.41605320666244,1.2903107100012321e-53,6.455223877685538e-48,True,0.5421386,1
neuron_neuron,L9N2007,9,2007,L11N2888,11,2888,0.54068756,0.54068756,15.416985810698948,1.2993816425466343e-53,6.49538716450801e-48,True,0.54068756,2
neuron_neuron,L4N2045,4,2045,L8N721,8,721,0.5394715,0.5394715,15.42207285490288,1.3614532973216906e-53,6.800215141132953e-48,True,0.5394715,4
neuron_neuron,L0N1699,0,1699,L4N825,4,825,0.54074246,-0.54074246,-15.415166810779157,1.369440502705077e-53,6.83462894287901e-48,True,0.54074246,4
neuron_neuron,L4N232,4,232,L6N2062,6,2062,0.5426539,-0.5426539,-15.408748933032218,1.4546493663561982e-53,7.248275087215457e-48,True,0.5426539,2
neuron_neuron,L1N224,1,224,L3N145,3,145,0.5427069,-0.5427069,-15.410256685090966,1.4546493663561982e-53,7.248275087215457e-48,True,0.5427069,2
neuron_neuron,L0N1612,0,1612,L5N834,5,834,0.54133433,-0.54133433,-15.411127643127738,1.5179859976880903e-53,7.557824693796972e-48,True,0.54133433,5
neuron_neuron,L0N587,0,587,L3N1792,3,1792,0.5418235,-0.5418235,-15.40767935620362,1.5935250828604408e-53,7.927585474661094e-48,True,0.5418235,3
neuron_neuron,L9N2396,9,2396,L10N2135,10,2135,0.5419611,0.5419611,15.411017321587844,1.606910730826401e-53,7.975067790703527e-48,True,0.5419611,1
neuron_neuron,L8N1332,8,1332,L9N2315,9,2315,0.5416351,0.5416351,15.40176908267819,1.606910730826401e-53,7.975067790703527e-48,True,0.5416351,1
neuron_neuron,L9N8,9,8,L10N927,10,927,0.5419051,0.5419051,15.409429445132156,1.606910730826401e-53,7.975067790703527e-48,True,0.5419051,1
neuron_neuron,L3N1226,3,1226,L7N2361,7,2361,0.5386352,0.5386352,15.398198346509355,1.697741872596614e-53,8.419152554053511e-48,True,0.5386352,4
neuron_neuron,L0N1696,0,1696,L1N440,1,440,0.54381734,-0.54381734,-15.393344560160092,1.9831660673842981e-53,9.803358756432488e-48,True,0.54381734,1
neuron_neuron,L1N2276,1,2276,L2N679,2,679,0.54392356,-0.54392356,-15.3963579742645,1.9831660673842981e-53,9.803358756432488e-48,True,0.54392356,1
neuron_neuron,L9N1077,9,1077,L10N696,10,696,0.54395187,-0.54395187,-15.39716121315316,1.9831660673842981e-53,9.803358756432488e-48,True,0.54395187,1
neuron_neuron,L10N558,10,558,L11N1618,11,1618,0.5439588,-0.5439588,-15.39735737254492,1.9831660673842981e-53,9.803358756432488e-48,True,0.5439588,1
neuron_neuron,L2N2135,2,2135,L5N584,5,584,0.54145443,-0.54145443,-15.397165988675033,1.985907877351504e-53,9.809127287951056e-48,True,0.54145443,3
neuron_neuron,L1N416,1,416,L2N989,2,989,0.5415459,0.5415459,15.399239302936218,2.0007932419685903e-53,9.828094337912703e-48,True,0.5415459,1
neuron_neuron,L8N1345,8,1345,L9N2396,9,2396,0.54131246,0.54131246,15.392615541405934,2.0007932419685903e-53,9.828094337912703e-48,True,0.54131246,1
neuron_neuron,L0N10,0,10,L1N1462,1,1462,0.5411398,0.5411398,15.387716629699725,2.0007932419685903e-53,9.828094337912703e-48,True,0.5411398,1
neuron_neuron,L4N2543,4,2543,L5N2865,5,2865,0.5412533,0.5412533,15.390938040400563,2.0007932419685903e-53,9.828094337912703e-48,True,0.5412533,1
neuron_neuron,L3N1612,3,1612,L4N2991,4,2991,0.54149413,0.54149413,15.397769798527278,2.0007932419685903e-53,9.828094337912703e-48,True,0.54149413,1
neuron_neuron,L1N1983,1,1983,L2N605,2,605,0.5415959,0.5415959,15.40065638543874,2.0007932419685903e-53,9.828094337912703e-48,True,0.5415959,1
neuron_neuron,L4N2121,4,2121,L5N13,5,13,0.54159623,0.54159623,15.400666531614176,2.0007932419685903e-53,9.828094337912703e-48,True,0.54159623,1
neuron_neuron,L8N55,8,55,L10N1689,10,1689,0.54193676,-0.54193676,-15.38834255196264,2.2580389367276483e-53,1.1082970126510398e-47,True,0.54193676,2
neuron_neuron,L0N92,0,92,L6N1653,6,1653,0.54059464,-0.54059464,-15.390209805413878,2.3517831230260364e-53,1.1533998928866367e-47,True,0.54059464,6
neuron_neuron,L0N1322,0,1322,L1N240,1,240,0.5431529,-0.5431529,-15.37449465722977,2.4688009120183477e-53,1.2079362755393616e-47,True,0.5431529,1
neuron_neuron,L4N913,4,913,L5N2530,5,2530,0.5431165,-0.5431165,-15.373461438364568,2.4688009120183477e-53,1.2079362755393616e-47,True,0.5431165,1
neuron_neuron,L6N956,6,956,L7N232,7,232,0.54339004,-0.54339004,-15.38122157154365,2.4688009120183477e-53,1.2079362755393616e-47,True,0.54339004,1
neuron_neuron,L8N1062,8,1062,L11N2501,11,2501,0.54069066,-0.54069066,-15.37540915865059,2.4744096341417052e-53,1.2097302155248703e-47,True,0.54069066,3
neuron_neuron,L0N1013,0,1013,L1N2205,1,2205,0.5428298,-0.5428298,-15.3653275877236,3.0727418021054277e-53,1.5010744822614849e-47,True,0.5428298,1
neuron_neuron,L2N763,2,763,L5N1752,5,1752,0.54017866,-0.54017866,-15.360824238258058,3.0824525702481807e-53,1.504638210864052e-47,True,0.54017866,3
neuron_neuron,L9N737,9,737,L10N1554,10,1554,0.54045314,0.54045314,15.368235972863149,3.1000034142078563e-53,1.5096559600887502e-47,True,0.54045314,1
neuron_neuron,L0N54,0,54,L1N2564,1,2564,0.54026234,0.54026234,15.362822988268192,3.1000034142078563e-53,1.5096559600887502e-47,True,0.54026234,1
neuron_neuron,L10N131,10,131,L11N2256,11,2256,0.54017186,0.54017186,15.360256005882956,3.1000034142078563e-53,1.5096559600887502e-47,True,0.54017186,1
neuron_neuron,L9N1104,9,1104,L11N2049,11,2049,0.5386411,0.5386411,15.358755035462671,3.1297699373365356e-53,1.522961074403657e-47,True,0.5386411,2
neuron_neuron,L2N989,2,989,L4N23,4,23,0.5410739,-0.5410739,-15.363791124738306,3.5023095671506707e-53,1.7002556722296504e-47,True,0.5410739,2
neuron_neuron,L1N1142,1,1142,L3N2692,3,2692,0.54098904,-0.54098904,-15.361376007829804,3.5023095671506707e-53,1.7002556722296504e-47,True,0.54098904,2
neuron_neuron,L6N2612,6,2612,L8N2011,8,2011,0.5406296,-0.5406296,-15.351149073168108,3.5023095671506707e-53,1.7002556722296504e-47,True,0.5406296,2
neuron_neuron,L2N2297,2,2297,L11N932,11,932,0.5430527,0.5430527,15.35711550005732,3.8421570639987653e-53,1.863787733029988e-47,True,0.5430527,9
neuron_neuron,L5N1,5,1,L6N2396,6,2396,0.5397283,0.5397283,15.347671366284189,3.857550968012688e-53,1.868344950324972e-47,True,0.5397283,1
neuron_neuron,L0N2819,0,2819,L1N1825,1,1825,0.53997326,0.53997326,15.354621496457654,3.857550968012688e-53,1.868344950324972e-47,True,0.53997326,1
neuron_neuron,L6N1451,6,1451,L8N1961,8,1961,0.5383951,0.5383951,15.351755606051588,3.8970644408047633e-53,1.8860161121913664e-47,True,0.5383951,2
neuron_neuron,L0N1612,0,1612,L10N60,10,60,0.5391064,-0.5391064,-15.357324398920204,3.9248672980649964e-53,1.8979967866846784e-47,True,0.5391064,10
neuron_neuron,L8N15,8,15,L10N1214,10,1214,0.5405363,-0.5405363,-15.348493122972382,4.360485373112747e-53,2.1037539771453606e-47,True,0.5405363,2
neuron_neuron,L8N716,8,716,L10N2775,10,2775,0.5403873,-0.5403873,-15.344253100309986,4.360485373112747e-53,2.1037539771453606e-47,True,0.5403873,2
neuron_neuron,L0N999,0,999,L2N2824,2,2824,0.5401173,-0.5401173,-15.33657187525479,4.360485373112747e-53,2.1037539771453606e-47,True,0.5401173,2
neuron_neuron,L0N1209,0,1209,L3N176,3,176,0.5392229,-0.5392229,-15.333598487560236,4.780605773385088e-53,2.304659533113952e-47,True,0.5392229,3
neuron_neuron,L5N1363,5,1363,L6N1494,6,1494,0.5393989,0.5393989,15.338326738707892,4.799259002913797e-53,2.3118626126018303e-47,True,0.5393989,1
neuron_neuron,L9N906,9,906,L11N932,11,932,0.53799844,0.53799844,15.340468665724291,4.851491349508942e-53,2.3316138052637317e-47,True,0.53799844,2
neuron_neuron,L7N2813,7,2813,L9N2578,9,2578,0.5377763,0.5377763,15.334147639939191,4.851491349508942e-53,2.3316138052637317e-47,True,0.5377763,2
neuron_neuron,L0N2053,0,2053,L2N605,2,605,0.5377362,0.5377362,15.333006225838476,4.851491349508942e-53,2.3316138052637317e-47,True,0.5377362,2
neuron_neuron,L1N2537,1,2537,L5N383,5,383,0.53803223,-0.53803223,-15.337797136725026,5.13359432676724e-53,2.465289514295964e-47,True,0.53803223,4
neuron_neuron,L0N230,0,230,L2N2911,2,2911,0.54007864,-0.54007864,-15.335471165371631,5.427847527087065e-53,2.6025845459940957e-47,True,0.54007864,2
neuron_neuron,L0N1175,0,1175,L2N280,2,280,0.5400995,-0.5400995,-15.336064768544368,5.427847527087065e-53,2.6025845459940957e-47,True,0.5400995,2
neuron_neuron,L9N1552,9,1552,L10N169,10,169,0.54150885,-0.54150885,-15.32785099772254,5.917307702289228e-53,2.832912854491901e-47,True,0.54150885,1
neuron_neuron,L1N1120,1,1120,L2N1974,2,1974,0.5413733,-0.5413733,-15.324005597232404,5.917307702289228e-53,2.832912854491901e-47,True,0.5413733,1
neuron_neuron,L1N781,1,781,L5N2868,5,2868,0.53742725,-0.53742725,-15.32052636057263,6.39380948107855e-53,3.058687197570096e-47,True,0.53742725,4
neuron_neuron,L1N1341,1,1341,L2N1279,2,1279,0.54111344,-0.54111344,-15.316632709749117,7.358956105251207e-53,3.50961432287122e-47,True,0.54111344,1
neuron_neuron,L5N1485,5,1485,L6N1494,6,1494,0.54097426,-0.54097426,-15.312684156475385,7.358956105251207e-53,3.50961432287122e-47,True,0.54097426,1
neuron_neuron,L6N2674,6,2674,L7N2900,7,2900,0.5410352,-0.5410352,-15.314412388357937,7.358956105251207e-53,3.50961432287122e-47,True,0.5410352,1
neuron_neuron,L6N2396,6,2396,L7N144,7,144,0.5408627,-0.5408627,-15.30951854973944,7.358956105251207e-53,3.50961432287122e-47,True,0.5408627,1
neuron_neuron,L1N1653,1,1653,L2N480,2,480,0.5382738,0.5382738,15.306406870787129,7.424005164995275e-53,3.532522828185417e-47,True,0.5382738,1
neuron_neuron,L8N1649,8,1649,L9N85,9,85,0.53844887,0.53844887,15.311373423662912,7.424005164995275e-53,3.532522828185417e-47,True,0.53844887,1
neuron_neuron,L0N2977,0,2977,L1N1098,1,1098,0.5382967,0.5382967,15.307056226015014,7.424005164995275e-53,3.532522828185417e-47,True,0.5382967,1
neuron_neuron,L2N2856,2,2856,L4N985,4,985,0.53703064,0.53703064,15.312930566536563,7.51429285564019e-53,3.572754537683272e-47,True,0.53703064,2
neuron_neuron,L0N2556,0,2556,L3N74,3,74,0.5363602,0.5363602,15.305414098026816,7.829096513130372e-53,3.7167570175146365e-47,True,0.5363602,3
neuron_neuron,L8N715,8,715,L11N44,11,44,0.5362675,0.5362675,15.30277387087776,7.829096513130372e-53,3.7167570175146365e-47,True,0.5362675,3
neuron_neuron,L2N2834,2,2834,L10N3068,10,3068,0.54057455,0.54057455,15.310990367320995,7.887193333412824e-53,3.7414859499202975e-47,True,0.54057455,8
neuron_neuron,L0N912,0,912,L4N1378,4,1378,0.53677875,-0.53677875,-15.302013449780702,7.961772542214919e-53,3.771120168444089e-47,True,0.53677875,4
neuron_neuron,L6N1099,6,1099,L10N977,10,977,0.5368554,-0.5368554,-15.30420164861144,7.961772542214919e-53,3.771120168444089e-47,True,0.5368554,4
neuron_neuron,L0N2587,0,2587,L2N2992,2,2992,0.5386694,-0.5386694,-15.295372423048825,8.405252386411004e-53,3.9721140214279087e-47,True,0.5386694,2
neuron_neuron,L1N105,1,105,L3N176,3,176,0.53900516,-0.53900516,-15.304926042111736,8.405252386411004e-53,3.9721140214279087e-47,True,0.53900516,2
neuron_neuron,L8N2505,8,2505,L10N1318,10,1318,0.5388735,-0.5388735,-15.301179558087243,8.405252386411004e-53,3.9721140214279087e-47,True,0.5388735,2
neuron_neuron,L0N2556,0,2556,L6N127,6,127,0.537227,-0.537227,-15.294247554057437,8.768745628689234e-53,4.1407502293487283e-47,True,0.537227,6
neuron_neuron,L1N242,1,242,L10N370,10,370,0.5406243,-0.5406243,-15.289210842956694,9.060893875887634e-53,4.275466135561238e-47,True,0.5406243,9
neuron_neuron,L10N2194,10,2194,L11N1234,11,1234,0.54037315,-0.54037315,-15.295630126597183,9.150004087853845e-53,4.3109818182577215e-47,True,0.54037315,1
neuron_neuron,L10N2190,10,2190,L11N1602,11,1602,0.54043144,-0.54043144,-15.297283953193206,9.150004087853845e-53,4.3109818182577215e-47,True,0.54043144,1
neuron_neuron,L0N1418,0,1418,L1N2537,1,2537,0.53769904,0.53769904,15.290100275832692,9.230810351775766e-53,4.3457660469248935e-47,True,0.53769904,1
neuron_neuron,L1N2730,1,2730,L5N1174,5,1174,0.5361475,-0.5361475,-15.283992288181686,9.912239152335904e-53,4.663050779721651e-47,True,0.5361475,4
neuron_neuron,L3N1004,3,1004,L5N2969,5,2969,0.5384491,-0.5384491,-15.28910397354474,1.0456373161086369e-52,4.915317248749452e-47,True,0.5384491,2
neuron_neuron,L2N2641,2,2641,L9N1329,9,1329,0.5382011,-0.5382011,-15.280561539501717,1.0696803846361501e-52,5.024546457964856e-47,True,0.5382011,7
neuron_neuron,L10N222,10,222,L11N2328,11,2328,0.5398459,-0.5398459,-15.28067128194646,1.137468506231432e-52,5.326894532148398e-47,True,0.5398459,1
neuron_neuron,L0N2831,0,2831,L1N507,1,507,0.5396278,-0.5396278,-15.27448380595991,1.137468506231432e-52,5.326894532148398e-47,True,0.5396278,1
neuron_neuron,L10N113,10,113,L11N681,11,681,0.5396633,-0.5396633,-15.275491659386526,1.137468506231432e-52,5.326894532148398e-47,True,0.5396633,1
neuron_neuron,L1N3041,1,3041,L2N2288,2,2288,0.53967285,-0.53967285,-15.275762224064811,1.137468506231432e-52,5.326894532148398e-47,True,0.53967285,1
neuron_neuron,L4N2082,4,2082,L5N2256,5,2256,0.53744525,0.53744525,15.282899873331813,1.147504530078907e-52,5.357780748264017e-47,True,0.53744525,1
neuron_neuron,L0N1469,0,1469,L3N900,3,900,0.5374325,-0.5374325,-15.28259710935873,1.1471063498835285e-52,5.357780748264017e-47,True,0.5374325,3
neuron_neuron,L9N779,9,779,L10N169,10,169,0.537297,0.537297,15.278694283613708,1.147504530078907e-52,5.357780748264017e-47,True,0.537297,1
neuron_neuron,L2N2206,2,2206,L3N486,3,486,0.5372359,0.5372359,15.27696097864344,1.147504530078907e-52,5.357780748264017e-47,True,0.5372359,1
neuron_neuron,L8N1936,8,1936,L10N1933,10,1933,0.53587997,0.53587997,15.280189111537547,1.1629230712108716e-52,5.4257037757071045e-47,True,0.53587997,2
neuron_neuron,L0N587,0,587,L2N1153,2,1153,0.5378107,-0.5378107,-15.270938020449972,1.3005405367041957e-52,6.054163398551513e-47,True,0.5378107,2
neuron_neuron,L5N1531,5,1531,L7N1780,7,1780,0.53764755,-0.53764755,-15.266296043639182,1.3005405367041957e-52,6.054163398551513e-47,True,0.53764755,2
neuron_neuron,L2N1723,2,1723,L4N2576,4,2576,0.5380259,-0.5380259,-15.277062309183536,1.3005405367041957e-52,6.054163398551513e-47,True,0.5380259,2
neuron_neuron,L6N686,6,686,L7N1486,7,1486,0.5395913,-0.5395913,-15.273448896065467,1.413743078247693e-52,6.571311454014117e-47,True,0.5395913,1
neuron_neuron,L6N2409,6,2409,L7N1486,7,1486,0.5393511,-0.5393511,-15.266634048231143,1.413743078247693e-52,6.571311454014117e-47,True,0.5393511,1
neuron_neuron,L4N748,4,748,L7N232,7,232,0.5369845,-0.5369845,-15.26983572848908,1.4269693516823553e-52,6.627843206982463e-47,True,0.5369845,3
neuron_neuron,L9N542,9,542,L11N553,11,553,0.53524125,0.53524125,15.262014678397454,1.4462759964918197e-52,6.712511160824585e-47,True,0.53524125,2
neuron_neuron,L0N1612,0,1612,L3N1027,3,1027,0.53462344,0.53462344,15.255940825570743,1.5077910987145284e-52,6.992806657637058e-47,True,0.53462344,3
neuron_neuron,L1N2834,1,2834,L3N630,3,630,0.5375767,-0.5375767,-15.264279488860948,1.6172576649596885e-52,7.494908024820724e-47,True,0.5375767,2
neuron_neuron,L4N1153,4,1153,L5N2970,5,2970,0.53890187,-0.53890187,-15.253888760854643,1.7567688444724352e-52,8.135395946689572e-47,True,0.53890187,1
neuron_neuron,L7N3001,7,3001,L8N1075,8,1075,0.5363089,0.5363089,15.250660400884822,1.7722403635374228e-52,8.17612616784231e-47,True,0.5363089,1
neuron_neuron,L5N2391,5,2391,L6N503,6,503,0.53653485,0.53653485,15.257071092730955,1.7722403635374228e-52,8.17612616784231e-47,True,0.53653485,1
neuron_neuron,L0N826,0,826,L3N176,3,176,0.53654253,-0.53654253,-15.257245835041974,1.774752995610286e-52,8.17612616784231e-47,True,0.53654253,3
neuron_neuron,L2N280,2,280,L5N785,5,785,0.53616995,-0.53616995,-15.246632291692295,1.774752995610286e-52,8.17612616784231e-47,True,0.53616995,3
neuron_neuron,L1N2396,1,2396,L2N2731,2,2731,0.536507,0.536507,15.25628138207621,1.7722403635374228e-52,8.17612616784231e-47,True,0.536507,1
neuron_neuron,L8N716,8,716,L11N2663,11,2663,0.536399,-0.536399,-15.2531573032253,1.774752995610286e-52,8.17612616784231e-47,True,0.536399,3
neuron_neuron,L1N2673,1,2673,L2N2641,2,2641,0.53620154,0.53620154,15.247614857224868,1.7722403635374228e-52,8.17612616784231e-47,True,0.53620154,1
neuron_neuron,L1N2730,1,2730,L3N1570,3,1570,0.53666764,-0.53666764,-15.238413654611268,2.010698939450752e-52,9.256261395220295e-47,True,0.53666764,2
neuron_neuron,L7N2880,7,2880,L8N825,8,825,0.5384204,-0.5384204,-15.240228626659691,2.182588030664221e-52,1.0017936621547601e-46,True,0.5384204,1
neuron_neuron,L5N1057,5,1057,L6N2552,6,2552,0.5384036,-0.5384036,-15.239751756414211,2.182588030664221e-52,1.0017936621547601e-46,True,0.5384036,1
neuron_neuron,L9N2416,9,2416,L10N3068,10,3068,0.5382868,-0.5382868,-15.236439030134452,2.182588030664221e-52,1.0017936621547601e-46,True,0.5382868,1
neuron_neuron,L8N1753,8,1753,L9N1637,9,1637,0.5384693,-0.5384693,-15.241616961665146,2.182588030664221e-52,1.0017936621547601e-46,True,0.5384693,1
neuron_neuron,L9N510,9,510,L10N1214,10,1214,0.53608483,0.53608483,15.244303821974349,2.201791848252271e-52,1.00837880655099e-46,True,0.53608483,1
neuron_neuron,L1N706,1,706,L2N666,2,666,0.53575796,0.53575796,15.2350302176261,2.201791848252271e-52,1.00837880655099e-46,True,0.53575796,1
neuron_neuron,L10N476,10,476,L11N2501,11,2501,0.53573644,0.53573644,15.234419756070718,2.201791848252271e-52,1.00837880655099e-46,True,0.53573644,1
neuron_neuron,L1N1886,1,1886,L4N2622,4,2622,0.5360863,-0.5360863,-15.244250144624692,2.2068534892726344e-52,1.0099543284308007e-46,True,0.5360863,3
neuron_neuron,L2N2500,2,2500,L4N405,4,405,0.5343989,0.5343989,15.238046678291465,2.2355741503418343e-52,1.0223470071657053e-46,True,0.5343989,2
neuron_neuron,L2N2505,2,2505,L6N2141,6,2141,0.5345012,-0.5345012,-15.23699535839556,2.3765070857931024e-52,1.0852032893193529e-46,True,0.5345012,4
neuron_neuron,L3N1004,3,1004,L7N704,7,704,0.53439885,-0.53439885,-15.23407378966121,2.3765070857931024e-52,1.0852032893193529e-46,True,0.53439885,4
neuron_neuron,L3N2101,3,2101,L4N1759,4,1759,0.5380085,-0.5380085,-15.228543614616225,2.711077529613063e-52,1.235263989776722e-46,True,0.5380085,1
neuron_neuron,L6N162,6,162,L7N401,7,401,0.5377664,-0.5377664,-15.221674653846245,2.711077529613063e-52,1.235263989776722e-46,True,0.5377664,1
neuron_neuron,L2N110,2,110,L3N1665,3,1665,0.537731,-0.537731,-15.22067018247811,2.711077529613063e-52,1.235263989776722e-46,True,0.537731,1
neuron_neuron,L2N2135,2,2135,L3N1437,3,1437,0.5355561,0.5355561,15.22930270159264,2.7349092195622786e-52,1.2443020751411038e-46,True,0.5355561,1
neuron_neuron,L0N1102,0,1102,L1N2730,1,2730,0.53537005,0.53537005,15.224024999336828,2.7349092195622786e-52,1.2443020751411038e-46,True,0.53537005,1
neuron_neuron,L1N2409,1,2409,L4N2718,4,2718,0.5354524,-0.5354524,-15.226193028399477,2.743603812864749e-52,1.2473467184941675e-46,True,0.5354524,3
neuron_neuron,L5N1245,5,1245,L7N1492,7,1492,0.53404766,0.53404766,15.228052096871666,2.778604851819995e-52,1.2623381083111523e-46,True,0.53404766,2
neuron_neuron,L8N918,8,918,L10N1307,10,1307,0.5358604,-0.5358604,-15.21544460384454,3.1061343085563198e-52,1.4101083279190074e-46,True,0.5358604,2
neuron_neuron,L3N686,3,686,L8N1584,8,1584,0.53413796,-0.53413796,-15.206008427074003,3.2565653247086344e-52,1.4773235307366923e-46,True,0.53413796,5
neuron_neuron,L4N2440,4,2440,L5N13,5,13,0.534763,0.534763,15.2068018665347,3.396429400474028e-52,1.5385310013735886e-46,True,0.534763,1
neuron_neuron,L9N1090,9,1090,L10N3068,10,3068,0.5347017,0.5347017,15.205063488476712,3.396429400474028e-52,1.5385310013735886e-46,True,0.5347017,1
neuron_neuron,L2N1362,2,1362,L4N808,4,808,0.5336164,0.5336164,15.215781471286691,3.45284440067984e-52,1.5629494502548219e-46,True,0.5336164,2
neuron_neuron,L0N1469,0,1469,L3N74,3,74,0.5327338,0.5327338,15.202112451740184,3.602629236672149e-52,1.6272027188954348e-46,True,0.5327338,3
neuron_neuron,L3N1255,3,1255,L6N2973,6,2973,0.5328175,0.5328175,15.20449629670306,3.602629236672149e-52,1.6272027188954348e-46,True,0.5328175,3
neuron_neuron,L1N2777,1,2777,L4N825,4,825,0.53281367,0.53281367,15.204387631405607,3.602629236672149e-52,1.6272027188954348e-46,True,0.53281367,3
neuron_neuron,L1N2730,1,2730,L3N1616,3,1616,0.53547555,-0.53547555,-15.204493473312104,3.859451457876608e-52,1.7419386479023815e-46,True,0.53547555,2
neuron_neuron,L0N486,0,486,L6N1653,6,1653,0.5330693,0.5330693,15.204070941678042,4.045842305426718e-52,1.82474268349424e-46,True,0.5330693,6
neuron_neuron,L1N706,1,706,L10N900,10,900,0.5373185,-0.5373185,-15.195723202443956,4.119960878600798e-52,1.8568268497499183e-46,True,0.5373185,9
neuron_neuron,L9N2337,9,2337,L10N271,10,271,0.5366209,-0.5366209,-15.189176453925644,4.180433661530203e-52,1.880000310325762e-46,True,0.5366209,1
neuron_neuron,L5N2764,5,2764,L6N1246,6,1246,0.53695554,-0.53695554,-15.198669892074998,4.180433661530203e-52,1.880000310325762e-46,True,0.53695554,1
neuron_neuron,L0N841,0,841,L1N1827,1,1827,0.5369319,-0.5369319,-15.197998553467,4.180433661530203e-52,1.880000310325762e-46,True,0.5369319,1
neuron_neuron,L2N3007,2,3007,L3N1888,3,1888,0.5343121,0.5343121,15.194010921368738,4.217113493231242e-52,1.892396696669593e-46,True,0.5343121,1
neuron_neuron,L0N999,0,999,L1N2882,1,2882,0.5343367,0.5343367,15.194707625415324,4.217113493231242e-52,1.892396696669593e-46,True,0.5343367,1
neuron_neuron,L1N737,1,737,L2N284,2,284,0.53419936,0.53419936,15.190811494048008,4.217113493231242e-52,1.892396696669593e-46,True,0.53419936,1
neuron_neuron,L7N380,7,380,L10N1886,10,1886,0.5343351,-0.5343351,-15.194364283617352,4.237933413350853e-52,1.900370330094776e-46,True,0.5343351,3
neuron_neuron,L9N1849,9,1849,L11N315,11,315,0.532866,0.532866,15.19442871715887,4.289826561335231e-52,1.922256295517208e-46,True,0.532866,2
neuron_neuron,L8N1125,8,1125,L10N976,10,976,0.53501016,-0.53501016,-15.191251034532913,4.79450133545054e-52,2.14531251810266e-46,True,0.53501016,2
neuron_neuron,L2N679,2,679,L4N2084,4,2084,0.5349886,-0.5349886,-15.190637079251395,4.79450133545054e-52,2.14531251810266e-46,True,0.5349886,2
neuron_neuron,L1N2348,1,2348,L6N1813,6,1813,0.533127,-0.533127,-15.177193029521616,5.030002674275143e-52,2.2490725125652224e-46,True,0.533127,5
neuron_neuron,L0N1309,0,1309,L1N1303,1,1303,0.5364968,-0.5364968,-15.18565573104945,5.189560363029687e-52,2.3154292103518515e-46,True,0.5364968,1
neuron_neuron,L5N234,5,234,L6N686,6,686,0.53634524,-0.53634524,-15.181355443693946,5.189560363029687e-52,2.3154292103518515e-46,True,0.53634524,1
neuron_neuron,L1N20,1,20,L2N2983,2,2983,0.5362292,-0.5362292,-15.178063009765056,5.189560363029687e-52,2.3154292103518515e-46,True,0.5362292,1
neuron_neuron,L3N1848,3,1848,L4N2119,4,2119,0.5339649,0.5339649,15.184158985020655,5.235052104311614e-52,2.3307175820060105e-46,True,0.5339649,1
neuron_neuron,L7N448,7,448,L8N2250,8,2250,0.53407913,0.53407913,15.187400688072367,5.235052104311614e-52,2.3307175820060105e-46,True,0.53407913,1
neuron_neuron,L1N1276,1,1276,L2N2361,2,2361,0.53390306,0.53390306,15.182405387699518,5.235052104311614e-52,2.3307175820060105e-46,True,0.53390306,1
neuron_neuron,L1N1450,1,1450,L4N761,4,761,0.533809,-0.533809,-15.17937865994046,5.265492095842381e-52,2.342595408639051e-46,True,0.533809,3
neuron_neuron,L2N1314,2,1314,L6N444,6,444,0.53080136,0.53080136,15.17456306476459,5.6467249609328294e-52,2.510411164843148e-46,True,0.53080136,4
neuron_neuron,L5N1021,5,1021,L9N465,9,465,0.5325996,-0.5325996,-15.182710671539414,5.6793338594033624e-52,2.517720020988539e-46,True,0.5325996,4
neuron_neuron,L1N2956,1,2956,L5N1174,5,1174,0.5321188,-0.5321188,-15.168984232995436,5.6793338594033624e-52,2.517720020988539e-46,True,0.5321188,4
neuron_neuron,L1N242,1,242,L5N877,5,877,0.53239226,-0.53239226,-15.17679096412718,5.6793338594033624e-52,2.517720020988539e-46,True,0.53239226,4
neuron_neuron,L4N2412,4,2412,L8N1627,8,1627,0.53223,-0.53223,-15.172159333320597,5.6793338594033624e-52,2.517720020988539e-46,True,0.53223,4
neuron_neuron,L7N2017,7,2017,L9N270,9,270,0.53430295,-0.53430295,-15.171127886977182,5.954890968417705e-52,2.6380003675299715e-46,True,0.53430295,2
neuron_neuron,L10N897,10,897,L11N2013,11,2013,0.53321946,0.53321946,15.163010973354146,6.497402190698896e-52,2.874242812295089e-46,True,0.53321946,1
neuron_neuron,L0N2752,0,2752,L1N1571,1,1571,0.5333765,0.5333765,15.167466835399663,6.497402190698896e-52,2.874242812295089e-46,True,0.5333765,1
neuron_neuron,L8N2532,8,2532,L10N865,10,865,0.53165245,0.53165245,15.15989797259632,6.617633537938693e-52,2.9253516483878612e-46,True,0.53165245,2
neuron_neuron,L2N2824,2,2824,L5N1529,5,1529,0.53132915,0.53132915,15.162099851743625,6.908880096982527e-52,3.051932339577793e-46,True,0.53132915,3
neuron_neuron,L2N2500,2,2500,L3N76,3,76,0.5351775,-0.5351775,-15.148226489867092,7.992600386342144e-52,3.525654583547596e-46,True,0.5351775,1
neuron_neuron,L5N1245,5,1245,L6N377,6,377,0.53531647,-0.53531647,-15.152168279023869,7.992600386342144e-52,3.525654583547596e-46,True,0.53531647,1
neuron_neuron,L1N1013,1,1013,L2N2643,2,2643,0.53303385,0.53303385,15.157745108303008,8.062533195086788e-52,3.5539859955395375e-46,True,0.53303385,1
neuron_neuron,L1N2882,1,2882,L4N3002,4,3002,0.53302157,-0.53302157,-15.156947765492756,8.123544861677993e-52,3.5783476528048405e-46,True,0.53302157,3
neuron_neuron,L3N1975,3,1975,L6N1295,6,1295,0.5307522,0.5307522,15.14566422550384,8.58015199967641e-52,3.7741406985510874e-46,True,0.5307522,3
neuron_neuron,L2N2769,2,2769,L5N785,5,785,0.5309066,0.5309066,15.150063472155418,8.58015199967641e-52,3.7741406985510874e-46,True,0.5309066,3
neuron_neuron,L1N2710,1,2710,L5N1196,5,1196,0.529746,0.529746,15.144435344315887,8.718706545744596e-52,3.829677364130428e-46,True,0.529746,4
neuron_neuron,L1N802,1,802,L5N2848,5,2848,0.5297631,0.5297631,15.144923690400198,8.718706545744596e-52,3.829677364130428e-46,True,0.5297631,4
neuron_neuron,L3N1254,3,1254,L5N1723,5,1723,0.5333166,-0.5333166,-15.143062328970252,9.180621551459632e-52,4.029730921650699e-46,True,0.5333166,2
neuron_neuron,L0N1612,0,1612,L5N587,5,587,0.5318881,-0.5318881,-15.14188095840987,9.641007386808191e-52,4.228831974090207e-46,True,0.5318881,5
neuron_neuron,L5N477,5,477,L6N1170,6,1170,0.5350762,-0.5350762,-15.145351740160306,9.915997327818076e-52,4.343333352689461e-46,True,0.5350762,1
neuron_neuron,L0N1150,0,1150,L1N1098,1,1098,0.5350218,-0.5350218,-15.143807830464835,9.915997327818076e-52,4.343333352689461e-46,True,0.5350218,1
neuron_neuron,L3N863,3,863,L4N884,4,884,0.53231895,0.53231895,15.13746290360701,1.000267837630893e-51,4.372076966865409e-46,True,0.53231895,1
neuron_neuron,L0N1781,0,1781,L1N824,1,824,0.5325713,0.5325713,15.144622721406147,1.000267837630893e-51,4.372076966865409e-46,True,0.5325713,1
neuron_neuron,L1N1120,1,1120,L2N1825,2,1825,0.5322571,0.5322571,15.135707615256631,1.000267837630893e-51,4.372076966865409e-46,True,0.5322571,1
neuron_neuron,L1N1675,1,1675,L3N1570,3,1570,0.53061736,0.53061736,15.130445079174256,1.0200365521611854e-51,4.452235413770613e-46,True,0.53061736,2
neuron_neuron,L9N326,9,326,L11N1043,11,1043,0.53082174,0.53082174,15.136260694257995,1.0200365521611854e-51,4.452235413770613e-46,True,0.53082174,2
neuron_neuron,L2N2612,2,2612,L9N2416,9,2416,0.53213793,0.53213793,15.12843757810791,1.0611839944035456e-51,4.628591375775359e-46,True,0.53213793,7
neuron_neuron,L1N2401,1,2401,L2N1974,2,1974,0.5342434,-0.5342434,-15.121724679629,1.2299790861234898e-51,5.361074673375427e-46,True,0.5342434,1
neuron_neuron,L9N2125,9,2125,L10N270,10,270,0.5317024,0.5317024,15.119970897155834,1.2407209586217613e-51,5.404113221155359e-46,True,0.5317024,1
neuron_neuron,L3N2614,3,2614,L5N2070,5,2070,0.530446,0.530446,15.125569053112502,1.266021299131157e-51,5.5066104228778275e-46,True,0.530446,2
neuron_neuron,L0N432,0,432,L2N2135,2,2135,0.5302743,0.5302743,15.120682850996356,1.266021299131157e-51,5.5066104228778275e-46,True,0.5302743,2
neuron_neuron,L2N1416,2,1416,L5N1174,5,1174,0.5299772,0.5299772,15.123588191168132,1.3225332005956552e-51,5.7443883163778734e-46,True,0.5299772,3
neuron_neuron,L0N2418,0,2418,L3N176,3,176,0.530051,0.530051,15.12569018551574,1.3225332005956552e-51,5.7443883163778734e-46,True,0.530051,3
neuron_neuron,L6N2364,6,2364,L8N2250,8,2250,0.5321249,-0.5321249,-15.109152323725478,1.4142311575188162e-51,6.1383953800314386e-46,True,0.5321249,2
neuron_neuron,L3N1398,3,1398,L9N1329,9,1329,0.5310071,-0.5310071,-15.117011220366331,1.480600630050813e-51,6.421993301087464e-46,True,0.5310071,6
neuron_neuron,L3N135,3,135,L9N1370,9,1370,0.52969724,0.52969724,15.107983005249029,1.4849025360134524e-51,6.4361704801119564e-46,True,0.52969724,6
neuron_neuron,L1N824,1,824,L6N7,6,7,0.5311128,-0.5311128,-15.119781395214218,1.4861167694352025e-51,6.4369540216314916e-46,True,0.5311128,5
neuron_neuron,L5N493,5,493,L6N2681,6,2681,0.5338495,-0.5338495,-15.110548667386558,1.5253590327888574e-51,6.6023363075772885e-46,True,0.5338495,1
neuron_neuron,L0N2103,0,2103,L1N802,1,802,0.5313785,0.5313785,15.110781844269551,1.538668126506151e-51,6.655318186354669e-46,True,0.5313785,1
neuron_neuron,L8N55,8,55,L10N1956,10,1956,0.5298894,0.5298894,15.10973172046392,1.5710094666689993e-51,6.790491024136128e-46,True,0.5298894,2
neuron_neuron,L2N2969,2,2969,L5N1196,5,1196,0.52939,0.52939,15.106860526941444,1.641462102820023e-51,7.090093432457736e-46,True,0.52939,3
neuron_neuron,L0N1594,0,1594,L4N1378,4,1378,0.5299228,-0.5299228,-15.106293867893692,1.6798242195435726e-51,7.250765601762162e-46,True,0.5299228,4
neuron_neuron,L1N2956,1,2956,L3N1570,3,1570,0.53186285,-0.53186285,-15.101696667875922,1.75474222926745e-51,7.568895215727351e-46,True,0.53186285,2
neuron_neuron,L2N155,2,155,L10N697,10,697,0.5332267,-0.5332267,-15.097737127603883,1.7569226163963186e-51,7.573055586918821e-46,True,0.5332267,8
neuron_neuron,L3N1261,3,1261,L9N465,9,465,0.53059757,-0.53059757,-15.105341191533237,1.8375825188134575e-51,7.915255095331398e-46,True,0.53059757,6
neuron_neuron,L1N2693,1,2693,L2N1152,2,1152,0.5333166,-0.5333166,-15.09543086598734,1.8912957876094985e-51,8.135368914656904e-46,True,0.5333166,1
neuron_neuron,L1N242,1,242,L2N1974,2,1974,0.53345776,-0.53345776,-15.099435223225967,1.8912957876094985e-51,8.135368914656904e-46,True,0.53345776,1
neuron_neuron,L10N2368,10,2368,L11N2550,11,2550,0.53086483,0.53086483,15.096208554285386,1.9077823316093813e-51,8.194966421330243e-46,True,0.53086483,1
neuron_neuron,L3N1848,3,1848,L4N991,4,991,0.53100085,0.53100085,15.100067483009438,1.9077823316093813e-51,8.194966421330243e-46,True,0.53100085,1
neuron_neuron,L4N798,4,798,L7N2611,7,2611,0.5309856,-0.5309856,-15.098951058767708,1.9288862582772504e-51,8.279909023243555e-46,True,0.5309856,3
neuron_neuron,L8N2505,8,2505,L10N1886,10,1886,0.52942383,0.52942383,15.096484193657531,1.949077485941498e-51,8.35506530692198e-46,True,0.52942383,2
neuron_neuron,L9N1937,9,1937,L11N2172,11,2172,0.5293394,0.5293394,15.094080948812486,1.949077485941498e-51,8.35506530692198e-46,True,0.5293394,2
neuron_neuron,L7N612,7,612,L11N1736,11,1736,0.5280262,0.5280262,15.095340398076964,2.0735101922718283e-51,8.882354992315991e-46,True,0.5280262,4
neuron_neuron,L9N1237,9,1237,L11N627,11,627,0.53121686,-0.53121686,-15.083315321629904,2.1768011987099232e-51,9.318416819798236e-46,True,0.53121686,2
neuron_neuron,L1N429,1,429,L8N1631,8,1631,0.53141856,-0.53141856,-15.08786558335422,2.215915710088812e-51,9.479342601535159e-46,True,0.53141856,7
neuron_neuron,L0N2403,0,2403,L5N1529,5,1529,0.53000444,-0.53000444,-15.088189960895097,2.2889289004531785e-51,9.784961228336484e-46,True,0.53000444,5
neuron_neuron,L0N1418,0,1418,L1N2882,1,2882,0.53033733,0.53033733,15.081242945517705,2.3649704241384093e-51,1.010309759336108e-45,True,0.53033733,1
neuron_neuron,L8N1125,8,1125,L10N2409,10,2409,0.52880603,0.52880603,15.07890505969924,2.4176416088849263e-51,1.0313959553430165e-45,True,0.52880603,2
neuron_neuron,L0N2260,0,2260,L2N2394,2,2394,0.5286353,0.5286353,15.0740476897372,2.4176416088849263e-51,1.0313959553430165e-45,True,0.5286353,2
neuron_neuron,L4N1763,4,1763,L7N448,7,448,0.5283378,0.5283378,15.076887581692388,2.5270647553728722e-51,1.0773393258318544e-45,True,0.5283378,3
neuron_neuron,L0N1294,0,1294,L1N567,1,567,0.53246737,-0.53246737,-15.071337081385993,2.905850653773338e-51,1.2354410385992036e-45,True,0.53246737,1
neuron_neuron,L8N105,8,105,L9N2995,9,2995,0.5322193,-0.5322193,-15.064299017692084,2.905850653773338e-51,1.2354410385992036e-45,True,0.5322193,1
neuron_neuron,L3N1774,3,1774,L4N1819,4,1819,0.5323464,-0.5323464,-15.06790598305948,2.905850653773338e-51,1.2354410385992036e-45,True,0.5323464,1
neuron_neuron,L5N1856,5,1856,L6N1985,6,1985,0.5323677,-0.5323677,-15.068509680497906,2.905850653773338e-51,1.2354410385992036e-45,True,0.5323677,1
neuron_neuron,L5N1174,5,1174,L6N1138,6,1138,0.5296206,0.5296206,15.060908318915288,2.9311337274265734e-51,1.2453402378893641e-45,True,0.5296206,1
neuron_neuron,L1N2460,1,2460,L4N798,4,798,0.53010327,-0.53010327,-15.073817115045856,2.9686640145499816e-51,1.2604258238623945e-45,True,0.53010327,3
neuron_neuron,L6N1167,6,1167,L10N2732,10,2732,0.52822155,-0.52822155,-15.057728105042294,3.212084627305485e-51,1.3628475619863193e-45,True,0.52822155,4
neuron_neuron,L4N55,4,55,L6N1189,6,1189,0.5302773,-0.5302773,-15.056581130738968,3.3478592480363844e-51,1.419488091333006e-45,True,0.5302773,2
neuron_neuron,L2N679,2,679,L9N1807,9,1807,0.5305255,-0.5305255,-15.06249329434482,3.4056534795660344e-51,1.4430104644732814e-45,True,0.5305255,7
neuron_neuron,L6N1903,6,1903,L7N372,7,372,0.5320689,-0.5320689,-15.060032550921363,3.6008062100938526e-51,1.5246615021739572e-45,True,0.5320689,1
neuron_neuron,L10N298,10,298,L11N1795,11,1795,0.5292323,0.5292323,15.04989295445058,3.632106544023974e-51,1.5368699812465017e-45,True,0.5292323,1
neuron_neuron,L3N1261,3,1261,L6N1189,6,1189,0.52737135,0.52737135,15.049357907740752,3.887327766118409e-51,1.6426310774851516e-45,True,0.52737135,3
neuron_neuron,L0N826,0,826,L3N1533,3,1533,0.52757335,0.52757335,15.055112074819949,3.887327766118409e-51,1.6426310774851516e-45,True,0.52757335,3
neuron_neuron,L5N143,5,143,L7N2394,7,2394,0.5299062,-0.5299062,-15.046021778300538,4.1505932480325177e-51,1.7515001386148195e-45,True,0.5299062,2
neuron_neuron,L0N2819,0,2819,L2N2045,2,2045,0.5296843,-0.5296843,-15.0397075365517,4.1505932480325177e-51,1.7515001386148195e-45,True,0.5296843,2
neuron_neuron,L0N323,0,323,L6N127,6,127,0.5282887,-0.5282887,-15.039550151382029,4.3511610607490814e-51,1.834894175964117e-45,True,0.5282887,6
neuron_neuron,L1N79,1,79,L6N127,6,127,0.5284803,-0.5284803,-15.044746854308688,4.3686068040074107e-51,1.8410046355768684e-45,True,0.5284803,5
neuron_neuron,L0N2116,0,2116,L1N2804,1,2804,0.53138363,-0.53138363,-15.040590787757292,4.4610720402751705e-51,1.8774305452485978e-45,True,0.53138363,1
neuron_neuron,L10N2081,10,2081,L11N802,11,802,0.53148407,-0.53148407,-15.04344017202549,4.4610720402751705e-51,1.8774305452485978e-45,True,0.53148407,1
neuron_neuron,L9N1017,9,1017,L10N2775,10,2775,0.5286953,0.5286953,15.03465678100461,4.4998139232267135e-51,1.889904079103612e-45,True,0.5286953,1
neuron_neuron,L2N2911,2,2911,L3N1533,3,1533,0.52887404,0.52887404,15.039728177693233,4.4998139232267135e-51,1.889904079103612e-45,True,0.52887404,1
neuron_neuron,L0N1175,0,1175,L1N2976,1,2976,0.5288551,0.5288551,15.039190430395138,4.4998139232267135e-51,1.889904079103612e-45,True,0.5288551,1
neuron_neuron,L0N2184,0,2184,L2N1416,2,1416,0.52724004,0.52724004,15.034345813535593,4.608456159198806e-51,1.932926610235219e-45,True,0.52724004,2
neuron_neuron,L6N2775,6,2775,L8N1393,8,1393,0.527348,0.527348,15.037417285952232,4.608456159198806e-51,1.932926610235219e-45,True,0.527348,2
neuron_neuron,L1N1359,1,1359,L9N270,9,270,0.5306889,-0.5306889,-15.025868443769298,5.124864009691599e-51,2.1480772448673412e-45,True,0.5306889,8
neuron_neuron,L1N1120,1,1120,L10N1775,10,1775,0.5312475,-0.5312475,-15.024034773890625,5.402124604531917e-51,2.2627677850282886e-45,True,0.5312475,9
neuron_neuron,L0N2544,0,2544,L1N2537,1,2537,0.5309366,-0.5309366,-15.027908068462644,5.52575663150058e-51,2.3098928970910173e-45,True,0.5309366,1
neuron_neuron,L0N1451,0,1451,L1N2760,1,2760,0.53092605,-0.53092605,-15.027608756287291,5.52575663150058e-51,2.3098928970910173e-45,True,0.53092605,1
neuron_neuron,L0N752,0,752,L1N1098,1,1098,0.53094757,-0.53094757,-15.028219217842674,5.52575663150058e-51,2.3098928970910173e-45,True,0.53094757,1
neuron_neuron,L0N92,0,92,L1N580,1,580,0.5284762,0.5284762,15.028440557520996,5.573699623223362e-51,2.3252524499235838e-45,True,0.5284762,1
neuron_neuron,L5N2278,5,2278,L6N2681,6,2681,0.52842045,0.52842045,15.026859445182264,5.573699623223362e-51,2.3252524499235838e-45,True,0.52842045,1
neuron_neuron,L10N1590,10,1590,L11N2983,11,2983,0.52836406,0.52836406,15.025259731521896,5.573699623223362e-51,2.3252524499235838e-45,True,0.52836406,1
neuron_neuron,L1N1886,1,1886,L4N1198,4,1198,0.5282445,-0.5282445,-15.020868250966558,5.659591634188148e-51,2.3595047541511518e-45,True,0.5282445,3
neuron_neuron,L0N2992,0,2992,L2N1152,2,1152,0.52662784,0.52662784,15.016926104429407,5.71173879859523e-51,2.3748866356145666e-45,True,0.52662784,2
neuron_neuron,L5N303,5,303,L7N1904,7,1904,0.5267586,0.5267586,15.020647148317924,5.71173879859523e-51,2.3748866356145666e-45,True,0.5267586,2
neuron_neuron,L9N374,9,374,L11N1862,11,1862,0.5268434,0.5268434,15.02306056921736,5.71173879859523e-51,2.3748866356145666e-45,True,0.5268434,2
neuron_neuron,L9N2598,9,2598,L11N2172,11,2172,0.5270196,0.5270196,15.028073972013376,5.71173879859523e-51,2.3748866356145666e-45,True,0.5270196,2
neuron_neuron,L2N1488,2,1488,L6N1554,6,1554,0.5252893,0.5252893,15.017208427696108,6.095965382019487e-51,2.5329535022490868e-45,True,0.5252893,4
neuron_neuron,L4N1326,4,1326,L6N2973,6,2973,0.52910525,-0.52910525,-15.023230808485629,6.37578543099627e-51,2.6439310099539628e-45,True,0.52910525,2
neuron_neuron,L8N1584,8,1584,L10N871,10,871,0.52869517,-0.52869517,-15.011562266118716,6.37578543099627e-51,2.6439310099539628e-45,True,0.52869517,2
neuron_neuron,L0N1209,0,1209,L2N2271,2,2271,0.52895457,-0.52895457,-15.018943297569416,6.37578543099627e-51,2.6439310099539628e-45,True,0.52895457,2
neuron_neuron,L0N587,0,587,L5N303,5,303,0.5275966,-0.5275966,-15.019558652898883,6.714976106773366e-51,2.780884770588283e-45,True,0.5275966,5
neuron_neuron,L0N1175,0,1175,L5N785,5,785,0.5275272,-0.5275272,-15.017581108959789,6.714976106773366e-51,2.780884770588283e-45,True,0.5275272,5
neuron_neuron,L7N1211,7,1211,L8N428,8,428,0.5302268,-0.5302268,-15.007771292281229,6.843169552559333e-51,2.832090706914423e-45,True,0.5302268,1
neuron_neuron,L0N1045,0,1045,L1N1462,1,1462,0.52771014,0.52771014,15.006707449737693,6.902486964001903e-51,2.8528484468709784e-45,True,0.52771014,1
neuron_neuron,L1N1571,1,1571,L2N2928,2,2928,0.52764636,0.52764636,15.004898048451654,6.902486964001903e-51,2.8528484468709784e-45,True,0.52764636,1
neuron_neuron,L8N1450,8,1450,L10N531,10,531,0.5264306,0.5264306,15.01131401043346,7.07772581046053e-51,2.923336108183753e-45,True,0.5264306,2
neuron_neuron,L0N1995,0,1995,L5N1529,5,1529,0.52599466,0.52599466,15.011124596106512,7.297202640677507e-51,3.0119899962582695e-45,True,0.52599466,5
neuron_neuron,L8N1827,8,1827,L11N740,11,740,0.5258113,0.5258113,15.004918894768249,7.405352836935242e-51,3.0525841841610014e-45,True,0.5258113,3
neuron_neuron,L2N2830,2,2830,L5N2059,5,2059,0.5258401,0.5258401,15.005738978184963,7.405352836935242e-51,3.0525841841610014e-45,True,0.5258401,3
neuron_neuron,L8N2635,8,2635,L9N2916,9,2916,0.5297431,-0.5297431,-14.99404689897518,8.472974090770933e-51,3.4903617886516583e-45,True,0.5297431,1
neuron_neuron,L6N2396,6,2396,L7N1299,7,1299,0.5271266,0.5271266,14.99015227348508,8.54634973082719e-51,3.5159374807919423e-45,True,0.5271266,1
neuron_neuron,L10N1933,10,1933,L11N1480,11,1480,0.52735007,0.52735007,14.996491942103162,8.54634973082719e-51,3.5159374807919423e-45,True,0.52735007,1
neuron_neuron,L4N1076,4,1076,L7N2531,7,2531,0.5272619,-0.5272619,-14.99287844739602,8.692861074332149e-51,3.5714937621135024e-45,True,0.5272619,3
neuron_neuron,L5N2060,5,2060,L8N17,8,17,0.5274617,-0.5274617,-14.998569792350128,8.692861074332149e-51,3.5714937621135024e-45,True,0.5274617,3
neuron_neuron,L0N101,0,101,L2N280,2,280,0.5257874,0.5257874,14.993012376613496,8.768628031407318e-51,3.600248059694535e-45,True,0.5257874,2
neuron_neuron,L1N2537,1,2537,L6N1353,6,1353,0.52549607,0.52549607,14.99691312269541,9.043603072825148e-51,3.7107020096181e-45,True,0.52549607,5
neuron_neuron,L3N2614,3,2614,L4N669,4,669,0.5292805,-0.5292805,-14.98092282104908,1.0488840652817457e-50,4.292390188149157e-45,True,0.5292805,1
neuron_neuron,L5N2496,5,2496,L6N1431,6,1431,0.5293302,-0.5293302,-14.982333139434646,1.0488840652817457e-50,4.292390188149157e-45,True,0.5293302,1
neuron_neuron,L5N822,5,822,L6N7,6,7,0.5294372,-0.5294372,-14.985368536919164,1.0488840652817457e-50,4.292390188149157e-45,True,0.5294372,1
neuron_neuron,L0N2977,0,2977,L1N105,1,105,0.5292384,-0.5292384,-14.979728954406143,1.0488840652817457e-50,4.292390188149157e-45,True,0.5292384,1
neuron_neuron,L2N2983,2,2983,L3N2578,3,2578,0.5271134,0.5271134,14.989776864993958,1.0579588068806825e-50,4.3210100134224835e-45,True,0.5271134,1
neuron_neuron,L10N1121,10,1121,L11N2256,11,2256,0.5269523,0.5269523,14.985207703989406,1.0579588068806825e-50,4.3210100134224835e-45,True,0.5269523,1
neuron_neuron,L3N695,3,695,L4N1073,4,1073,0.52662617,0.52662617,14.975954391992031,1.0579588068806825e-50,4.3210100134224835e-45,True,0.52662617,1
neuron_neuron,L0N2891,0,2891,L2N2135,2,2135,0.52559274,0.52559274,14.987473211007345,1.086130675183695e-50,4.4331650849520464e-45,True,0.52559274,2
neuron_neuron,L0N2456,0,2456,L5N1529,5,1529,0.5249602,0.5249602,14.981639823715636,1.1205694983687705e-50,4.570735793706548e-45,True,0.5249602,5
neuron_neuron,L1N242,1,242,L3N1995,3,1995,0.52744436,-0.52744436,-14.975971515890569,1.2120285581935944e-50,4.940556348934721e-45,True,0.52744436,2
neuron_neuron,L1N2974,1,2974,L7N1787,7,1787,0.5259941,-0.5259941,-14.974165040046296,1.2722691719880358e-50,5.182721556940463e-45,True,0.5259941,6
neuron_neuron,L0N1309,0,1309,L1N2537,1,2537,0.52897197,-0.52897197,-14.972170053706536,1.298171675141752e-50,5.27443970962467e-45,True,0.52897197,1
neuron_neuron,L1N585,1,585,L2N480,2,480,0.52905154,-0.52905154,-14.974427577740984,1.298171675141752e-50,5.27443970962467e-45,True,0.52905154,1
neuron_neuron,L10N3060,10,3060,L11N1327,11,1327,0.5289044,-0.5289044,-14.970252426549186,1.298171675141752e-50,5.27443970962467e-45,True,0.5289044,1
neuron_neuron,L5N2723,5,2723,L6N127,6,127,0.52898604,-0.52898604,-14.972569136607008,1.298171675141752e-50,5.27443970962467e-45,True,0.52898604,1
neuron_neuron,L9N1375,9,1375,L10N1165,10,1165,0.5265522,0.5265522,14.97385582470608,1.3093926163015697e-50,5.3165620416325604e-45,True,0.5265522,1
neuron_neuron,L1N1602,1,1602,L4N1378,4,1378,0.52638614,-0.52638614,-14.967931272154168,1.3341039727731678e-50,5.4133693027272363e-45,True,0.52638614,3
neuron_neuron,L4N2094,4,2094,L6N591,6,591,0.5248531,0.5248531,14.966427434520275,1.345070446908704e-50,5.4543144650326715e-45,True,0.5248531,2
neuron_neuron,L9N779,9,779,L11N1367,11,1367,0.5269194,-0.5269194,-14.961034764055482,1.5008280730512968e-50,6.081958261103025e-45,True,0.5269194,2
neuron_neuron,L2N789,2,789,L3N1106,3,1106,0.52814937,-0.52814937,-14.948832159175147,1.6063856032027654e-50,6.501260102773113e-45,True,0.52814937,1
neuron_neuron,L10N1318,10,1318,L11N1101,11,1101,0.5281587,-0.5281587,-14.949097650765715,1.6063856032027654e-50,6.501260102773113e-45,True,0.5281587,1
neuron_neuron,L2N1723,2,1723,L3N672,3,672,0.52595556,0.52595556,14.956928622020826,1.6202575353346416e-50,6.54889111116423e-45,True,0.52595556,1
neuron_neuron,L10N226,10,226,L11N681,11,681,0.52607256,0.52607256,14.960248112417544,1.6202575353346416e-50,6.54889111116423e-45,True,0.52607256,1
neuron_neuron,L1N2633,1,2633,L4N2049,4,2049,0.52562964,-0.52562964,-14.946381585353,1.652234301782923e-50,6.673806625969132e-45,True,0.52562964,3
neuron_neuron,L5N1174,5,1174,L7N1486,7,1486,0.5242589,0.5242589,14.949519920151708,1.6654074457443071e-50,6.718302649159953e-45,True,0.5242589,2
neuron_neuron,L3N2072,3,2072,L5N1361,5,1361,0.52457124,0.52457124,14.958407007652088,1.6654074457443071e-50,6.718302649159953e-45,True,0.52457124,2
neuron_neuron,L1N2564,1,2564,L5N1529,5,1529,0.5227446,0.5227446,14.9445639699351,1.783107060174854e-50,7.188450625408187e-45,True,0.5227446,4
neuron_neuron,L1N3041,1,3041,L3N1681,3,1681,0.5262954,-0.5262954,-14.943279245154434,1.858067797863003e-50,7.485803542897319e-45,True,0.5262954,2
neuron_neuron,L2N2394,2,2394,L5N881,5,881,0.5252756,-0.5252756,-14.936296087433131,2.0458129201898086e-50,8.23154428416643e-45,True,0.5252756,3
neuron_neuron,L1N1120,1,1120,L4N2601,4,2601,0.5252736,-0.5252736,-14.936240056889131,2.0458129201898086e-50,8.23154428416643e-45,True,0.5252736,3
neuron_neuron,L0N1046,0,1046,L2N1971,2,1971,0.5237043,0.5237043,14.933738555802272,2.0616194077296085e-50,8.268436519351012e-45,True,0.5237043,2
neuron_neuron,L9N340,9,340,L11N178,11,178,0.5236265,0.5236265,14.9315252639725,2.0616194077296085e-50,8.268436519351012e-45,True,0.5236265,2
neuron_neuron,L5N1625,5,1625,L7N2531,7,2531,0.5237229,0.5237229,14.934267710630538,2.0616194077296085e-50,8.268436519351012e-45,True,0.5237229,2
neuron_neuron,L0N486,0,486,L2N1269,2,1269,0.5237708,0.5237708,14.935631301918765,2.0616194077296085e-50,8.268436519351012e-45,True,0.5237708,2
neuron_neuron,L1N706,1,706,L3N1751,3,1751,0.52404195,0.52404195,14.94334644715526,2.0616194077296085e-50,8.268436519351012e-45,True,0.52404195,2
neuron_neuron,L5N1365,5,1365,L9N1370,9,1370,0.52261317,0.52261317,14.940812042701992,2.208717876074499e-50,8.852696795623427e-45,True,0.52261317,4
neuron_neuron,L1N79,1,79,L5N584,5,584,0.5236765,-0.5236765,-14.927979484948834,2.221270046891471e-50,8.8972813739513e-45,True,0.5236765,4
neuron_neuron,L0N2736,0,2736,L2N2678,2,2678,0.5258867,-0.5258867,-14.931649710996016,2.299877421906344e-50,9.206222255311073e-45,True,0.5258867,2
neuron_neuron,L0N1422,0,1422,L6N127,6,127,0.5242132,-0.5242132,-14.923417144324542,2.416075619757351e-50,9.665142658851858e-45,True,0.5242132,6
neuron_neuron,L9N3045,9,3045,L10N555,10,555,0.5272217,-0.5272217,-14.9225129800949,2.4582398408636105e-50,9.808615450530433e-45,True,0.5272217,1
neuron_neuron,L5N2969,5,2969,L6N1099,6,1099,0.5274857,-0.5274857,-14.930004239624935,2.4582398408636105e-50,9.808615450530433e-45,True,0.5274857,1
neuron_neuron,L1N73,1,73,L2N292,2,292,0.5271468,-0.5271468,-14.920389047370357,2.4582398408636105e-50,9.808615450530433e-45,True,0.5271468,1
neuron_neuron,L2N2045,2,2045,L3N486,3,486,0.52753687,-0.52753687,-14.931455142712244,2.4582398408636105e-50,9.808615450530433e-45,True,0.52753687,1
neuron_neuron,L4N68,4,68,L5N1753,5,1753,0.52508485,0.52508485,14.932226066893334,2.479427855013313e-50,9.88682403485322e-45,True,0.52508485,1
neuron_neuron,L3N74,3,74,L6N7,6,7,0.5246849,-0.5246849,-14.919469945280628,2.532634546227162e-50,1.0092526694530697e-44,True,0.5246849,3
neuron_neuron,L5N1057,5,1057,L7N1492,7,1492,0.5255464,-0.5255464,-14.921965499235103,2.8461667755217655e-50,1.1327455403507026e-44,True,0.5255464,2
neuron_neuron,L0N817,0,817,L2N2911,2,2911,0.52528644,-0.52528644,-14.914569203702822,2.8461667755217655e-50,1.1327455403507026e-44,True,0.52528644,2
neuron_neuron,L1N2401,1,2401,L10N1775,10,1775,0.5275939,-0.5275939,-14.920711563394985,2.956417286039926e-50,1.1758727701169868e-44,True,0.5275939,9
neuron_neuron,L2N719,2,719,L8N1584,8,1584,0.52383465,-0.52383465,-14.912630307893307,2.990741673047192e-50,1.1887656953994493e-44,True,0.52383465,6
neuron_neuron,L7N2017,7,2017,L8N17,8,17,0.52696085,-0.52696085,-14.915113036143785,3.0400521242789748e-50,1.2060567283969185e-44,True,0.52696085,1
neuron_neuron,L1N1504,1,1504,L2N719,2,719,0.5266975,-0.5266975,-14.907642068964618,3.0400521242789748e-50,1.2060567283969185e-44,True,0.5266975,1
neuron_neuron,L9N2247,9,2247,L10N1037,10,1037,0.5270468,-0.5270468,-14.917551500306834,3.0400521242789748e-50,1.2060567283969185e-44,True,0.5270468,1
neuron_neuron,L1N2360,1,2360,L2N2361,2,2361,0.5242621,0.5242621,14.908883099274227,3.066230089289147e-50,1.214122134501739e-44,True,0.5242621,1
neuron_neuron,L6N2043,6,2043,L7N2758,7,2758,0.5242155,0.5242155,14.907562405438345,3.066230089289147e-50,1.214122134501739e-44,True,0.5242155,1
neuron_neuron,L10N1197,10,1197,L11N411,11,411,0.524258,0.524258,14.908768109285957,3.066230089289147e-50,1.214122134501739e-44,True,0.524258,1
neuron_neuron,L0N2485,0,2485,L3N74,3,74,0.52449507,-0.52449507,-14.914062148837065,3.134667372118652e-50,1.2404323778816344e-44,True,0.52449507,3
neuron_neuron,L9N1237,9,1237,L11N2983,11,2983,0.5227944,0.5227944,14.907848977425685,3.1573450247020815e-50,1.2462391842037224e-44,True,0.5227944,2
neuron_neuron,L1N2882,1,2882,L3N900,3,900,0.52306134,0.52306134,14.915443706018568,3.1573450247020815e-50,1.2462391842037224e-44,True,0.52306134,2
neuron_neuron,L0N2556,0,2556,L2N2394,2,2394,0.52277404,0.52277404,14.907268942325468,3.1573450247020815e-50,1.2462391842037224e-44,True,0.52277404,2
neuron_neuron,L2N2731,2,2731,L4N2903,4,2903,0.5228892,0.5228892,14.910545631838968,3.1573450247020815e-50,1.2462391842037224e-44,True,0.5228892,2
neuron_neuron,L8N715,8,715,L11N1078,11,1078,0.52260464,0.52260464,14.913573826992003,3.3079923388965415e-50,1.3048744373666644e-44,True,0.52260464,3
neuron_neuron,L1N2401,1,2401,L5N877,5,877,0.5228229,-0.5228229,-14.9036115258081,3.406106285507516e-50,1.3427262119194956e-44,True,0.5228229,4
neuron_neuron,L10N2053,10,2053,L11N681,11,681,0.52616054,-0.52616054,-14.89240758654789,3.758814059939889e-50,1.4780258293933232e-44,True,0.52616054,1
neuron_neuron,L0N1981,0,1981,L1N222,1,222,0.5262133,-0.5262133,-14.893904147424657,3.758814059939889e-50,1.4780258293933232e-44,True,0.5262133,1
neuron_neuron,L7N232,7,232,L8N737,8,737,0.5261817,-0.5261817,-14.893007901927836,3.758814059939889e-50,1.4780258293933232e-44,True,0.5261817,1
neuron_neuron,L1N2882,1,2882,L2N2824,2,2824,0.52622855,-0.52622855,-14.894337050909916,3.758814059939889e-50,1.4780258293933232e-44,True,0.52622855,1
neuron_neuron,L4N2467,4,2467,L5N13,5,13,0.5236194,0.5236194,14.890650422016243,3.791150645773051e-50,1.4898005616706757e-44,True,0.5236194,1
neuron_neuron,L4N2098,4,2098,L6N1189,6,1189,0.52233714,0.52233714,14.894837195879324,3.906138168669577e-50,1.5340191332865176e-44,True,0.52233714,2
neuron_neuron,L3N1408,3,1408,L6N125,6,125,0.521999,0.521999,14.89632151312605,4.0933004436392673e-50,1.6065085973268786e-44,True,0.521999,3
neuron_neuron,L9N1895,9,1895,L11N1736,11,1736,0.524538,-0.524538,-14.89327241787414,4.356214162780255e-50,1.7086184152639625e-44,True,0.524538,2
neuron_neuron,L1N73,1,73,L2N842,2,842,0.5232091,0.5232091,14.879009376733,4.686518969264461e-50,1.8324028631142366e-44,True,0.5232091,1
neuron_neuron,L3N1004,3,1004,L4N894,4,894,0.5231314,0.5231314,14.87680427460497,4.686518969264461e-50,1.8324028631142366e-44,True,0.5231314,1
neuron_neuron,L4N1153,4,1153,L5N785,5,785,0.5231351,0.5231351,14.876910809447043,4.686518969264461e-50,1.8324028631142366e-44,True,0.5231351,1
neuron_neuron,L0N1281,0,1281,L1N79,1,79,0.5232798,0.5232798,14.881014937410791,4.686518969264461e-50,1.8324028631142366e-44,True,0.5232798,1
neuron_neuron,L2N1723,2,1723,L3N2101,3,2101,0.52357763,0.52357763,14.889465010519505,4.686518969264461e-50,1.8324028631142366e-44,True,0.52357763,1
neuron_neuron,L1N1120,1,1120,L4N1818,4,1818,0.5233847,-0.5233847,-14.882432057801848,4.799172081283237e-50,1.8752724081533052e-44,True,0.5233847,3
neuron_neuron,L8N2687,8,2687,L10N2114,10,2114,0.52177674,0.52177674,14.878891318650588,4.831541153744099e-50,1.8867369464050498e-44,True,0.52177674,2
neuron_neuron,L1N1120,1,1120,L5N877,5,877,0.52169967,-0.52169967,-14.871545735010868,5.218706006127038e-50,2.036649537740548e-44,True,0.52169967,4
neuron_neuron,L2N1637,2,1637,L4N1081,4,1081,0.5240674,-0.5240674,-14.879882426306295,5.387688115724776e-50,2.1012798180705878e-44,True,0.5240674,2
neuron_neuron,L1N2693,1,2693,L2N2643,2,2643,0.5253815,-0.5253815,-14.87030583439042,5.742877834475064e-50,2.2384075454871965e-44,True,0.5253815,1
neuron_neuron,L4N2895,4,2895,L5N13,5,13,0.52298373,0.52298373,14.872615595179258,5.792189388036616e-50,2.254805726982144e-44,True,0.52298373,1
neuron_neuron,L1N1910,1,1910,L2N2027,2,2027,0.5229676,0.5229676,14.872157326255412,5.792189388036616e-50,2.254805726982144e-44,True,0.5229676,1
neuron_neuron,L0N1993,0,1993,L4N3002,4,3002,0.5198194,0.5198194,14.86105678951824,6.421457660433471e-50,2.4982083162533e-44,True,0.5198194,4
neuron_neuron,L9N1584,9,1584,L11N1660,11,1660,0.5231227,-0.5231227,-14.853002378635772,6.662054733327868e-50,2.5885766676282455e-44,True,0.5231227,2
neuron_neuron,L0N1175,0,1175,L2N2288,2,2288,0.5235237,-0.5235237,-14.864411431615746,6.662054733327868e-50,2.5885766676282455e-44,True,0.5235237,2
neuron_neuron,L1N781,1,781,L6N2141,6,2141,0.5218526,-0.5218526,-14.855837042656068,7.040872341405926e-50,2.7340626653489177e-44,True,0.5218526,5
neuron_neuron,L0N10,0,10,L1N1964,1,1964,0.52504766,-0.52504766,-14.860834379621178,7.09640677381666e-50,2.750483115483122e-44,True,0.52504766,1
neuron_neuron,L7N2995,7,2995,L8N1075,8,1075,0.5246889,-0.5246889,-14.850656074629915,7.09640677381666e-50,2.750483115483122e-44,True,0.5246889,1
neuron_neuron,L4N919,4,919,L5N1174,5,1174,0.5246778,-0.5246778,-14.850341543191409,7.09640677381666e-50,2.750483115483122e-44,True,0.5246778,1
neuron_neuron,L1N1825,1,1825,L2N2206,2,2206,0.5224368,0.5224368,14.85709871087957,7.157282607916875e-50,2.768908777714381e-44,True,0.5224368,1
neuron_neuron,L3N1080,3,1080,L4N2298,4,2298,0.52249914,0.52249914,14.858867527463865,7.157282607916875e-50,2.768908777714381e-44,True,0.52249914,1
neuron_neuron,L10N143,10,143,L11N1615,11,1615,0.5221593,0.5221593,14.849225278741454,7.157282607916875e-50,2.768908777714381e-44,True,0.5221593,1
neuron_neuron,L2N1153,2,1153,L5N303,5,303,0.5224209,-0.5224209,-14.85497709124221,7.341596299727334e-50,2.838450452427211e-44,True,0.5224209,3
neuron_neuron,L0N2702,0,2702,L2N2641,2,2641,0.5208568,0.5208568,14.852715114742022,7.387532772607928e-50,2.854438834587257e-44,True,0.5208568,2
neuron_neuron,L1N1462,1,1462,L4N2622,4,2622,0.5205826,0.5205826,14.855974427760769,7.745955221788641e-50,2.991072727296649e-44,True,0.5205826,3
neuron_neuron,L1N824,1,824,L5N584,5,584,0.5195109,0.5195109,14.852251246011967,7.944528966625955e-50,3.0639521913257055e-44,True,0.5195109,4
neuron_neuron,L0N1483,0,1483,L4N825,4,825,0.5194352,0.5194352,14.850090272050045,7.944528966625955e-50,3.0639521913257055e-44,True,0.5194352,4
neuron_neuron,L1N2821,1,2821,L5N1866,5,1866,0.5208177,-0.5208177,-14.846367836022983,7.989420398965639e-50,3.079358665627402e-44,True,0.5208177,4
neuron_neuron,L1N2821,1,2821,L3N1612,3,1612,0.52301115,-0.52301115,-14.84982744966617,8.2361921658857335e-50,3.1705478500014e-44,True,0.52301115,2
neuron_neuron,L5N1174,5,1174,L7N1904,7,1904,0.5230826,-0.5230826,-14.851860964535057,8.2361921658857335e-50,3.1705478500014e-44,True,0.5230826,2
neuron_neuron,L4N1157,4,1157,L5N1145,5,1145,0.52445894,-0.52445894,-14.84413208382475,8.767190921980215e-50,3.3728728826402457e-44,True,0.52445894,1
neuron_neuron,L1N613,1,613,L2N2361,2,2361,0.52196336,0.52196336,14.84366686563192,8.842327916135722e-50,3.3996793735629743e-44,True,0.52196336,1
neuron_neuron,L2N2830,2,2830,L5N785,5,785,0.52188945,-0.52188945,-14.839838656990771,9.077600894695447e-50,3.485833128754111e-44,True,0.52188945,3
neuron_neuron,L1N750,1,750,L4N210,4,210,0.52201164,-0.52201164,-14.843319342299818,9.077600894695447e-50,3.485833128754111e-44,True,0.52201164,3
neuron_neuron,L0N1981,0,1981,L3N2108,3,2108,0.5200085,0.5200085,14.839620300494074,9.577086942466642e-50,3.670848178193008e-44,True,0.5200085,3
neuron_neuron,L5N594,5,594,L8N1778,8,1778,0.51996905,0.51996905,14.838496293823544,9.577086942466642e-50,3.670848178193008e-44,True,0.51996905,3
neuron_neuron,L3N1681,3,1681,L6N203,6,203,0.5198268,0.5198268,14.83444511570287,9.577086942466642e-50,3.670848178193008e-44,True,0.5198268,3
neuron_neuron,L7N454,7,454,L11N1736,11,1736,0.5187754,0.5187754,14.831254065940978,9.826856979667748e-50,3.764267276925818e-44,True,0.5187754,4
neuron_neuron,L1N79,1,79,L5N1010,5,1010,0.52035683,-0.52035683,-14.833211418169752,9.882331646170544e-50,3.783190668838147e-44,True,0.52035683,4
neuron_neuron,L0N1759,0,1759,L6N2078,6,2078,0.51964915,0.51964915,14.821660520799162,1.0744429393140847e-49,4.1106955604626426e-44,True,0.51964915,6
neuron_neuron,L1N2324,1,2324,L6N162,6,162,0.5210936,-0.5210936,-14.834202983789725,1.0765785674139804e-49,4.116337765840277e-44,True,0.5210936,5
neuron_neuron,L6N492,6,492,L7N2880,7,2880,0.5241084,-0.5241084,-14.834187140868508,1.0829177342483609e-49,4.132964450904916e-44,True,0.5241084,1
neuron_neuron,L3N2723,3,2723,L4N894,4,894,0.5238479,-0.5238479,-14.826795652063588,1.0829177342483609e-49,4.132964450904916e-44,True,0.5238479,1
neuron_neuron,L1N2537,1,2537,L2N1971,2,1971,0.5238692,-0.5238692,-14.827401040531251,1.0829177342483609e-49,4.132964450904916e-44,True,0.5238692,1
neuron_neuron,L4N1963,4,1963,L5N1168,5,1168,0.5215145,0.5215145,14.830931724430856,1.0921897756529078e-49,4.160702922323205e-44,True,0.5215145,1
neuron_neuron,L0N1105,0,1105,L1N2717,1,2717,0.52138674,0.52138674,14.827307848771063,1.0921897756529078e-49,4.160702922323205e-44,True,0.52138674,1
neuron_neuron,L5N493,5,493,L6N2751,6,2751,0.52141005,0.52141005,14.827969041203628,1.0921897756529078e-49,4.160702922323205e-44,True,0.52141005,1
neuron_neuron,L0N54,0,54,L3N1533,3,1533,0.52158546,-0.52158546,-14.83117939109998,1.1221838165258299e-49,4.2723523255064123e-44,True,0.52158546,3
neuron_neuron,L4N659,4,659,L6N1813,6,1813,0.520056,0.520056,14.829929232954308,1.128660330175156e-49,4.294384629309739e-44,True,0.520056,2
neuron_neuron,L0N1311,0,1311,L4N2765,4,2765,0.5184808,0.5184808,14.822843283032476,1.2152708241978226e-49,4.621101763943281e-44,True,0.5184808,4
neuron_neuron,L1N1120,1,1120,L9N1111,9,1111,0.5234164,-0.5234164,-14.81992072776512,1.2344516296301376e-49,4.691173356209178e-44,True,0.5234164,8
neuron_neuron,L2N1237,2,1237,L7N1904,7,1904,0.52032644,-0.52032644,-14.812336172758725,1.3308334205920376e-49,5.054360432862472e-44,True,0.52032644,5
neuron_neuron,L9N414,9,414,L10N571,10,571,0.5233799,-0.5233799,-14.813519381505952,1.3373451517391888e-49,5.075996159165525e-44,True,0.5233799,1
neuron_neuron,L5N64,5,64,L6N7,6,7,0.52080935,0.52080935,14.810926848530102,1.3487847180526982e-49,5.106967483300879e-44,True,0.52080935,1
neuron_neuron,L1N2765,1,2765,L2N2027,2,2027,0.52078664,0.52078664,14.810282566389931,1.3487847180526982e-49,5.106967483300879e-44,True,0.52078664,1
neuron_neuron,L9N684,9,684,L10N931,10,931,0.52088225,0.52088225,14.812994977289748,1.3487847180526982e-49,5.106967483300879e-44,True,0.52088225,1
neuron_neuron,L1N2730,1,2730,L2N1153,2,1153,0.5207447,0.5207447,14.809092081805476,1.3487847180526982e-49,5.106967483300879e-44,True,0.5207447,1
neuron_neuron,L9N1017,9,1017,L11N1043,11,1043,0.5193598,0.5193598,14.810119847075596,1.3946459546518868e-49,5.277405906851543e-44,True,0.5193598,2
neuron_neuron,L6N1724,6,1724,L8N1366,8,1366,0.5211881,-0.5211881,-14.797953316405358,1.5543773321771904e-49,5.87826571151322e-44,True,0.5211881,2
neuron_neuron,L2N2750,2,2750,L7N2017,7,2017,0.519904,-0.519904,-14.80029592027044,1.6448030197808115e-49,6.216458597901654e-44,True,0.519904,5
neuron_neuron,L0N1008,0,1008,L1N975,1,975,0.52308106,-0.52308106,-14.805040560900173,1.6512186680797776e-49,6.236921710513342e-44,True,0.52308106,1
neuron_neuron,L0N805,0,805,L1N802,1,802,0.5205741,0.5205741,14.80425235612264,1.6653296232074988e-49,6.282601192857356e-44,True,0.5205741,1
neuron_neuron,L6N2366,6,2366,L7N1777,7,1777,0.5201548,0.5201548,14.792355965424262,1.6653296232074988e-49,6.282601192857356e-44,True,0.5201548,1
neuron_neuron,L1N867,1,867,L4N1394,4,1394,0.5203933,-0.5203933,-14.79721978775061,1.7139053431391485e-49,6.461943374079665e-44,True,0.5203933,3
neuron_neuron,L2N2983,2,2983,L4N955,4,955,0.519066,0.519066,14.801758522385352,1.7229679936233233e-49,6.484336887055301e-44,True,0.519066,2
neuron_neuron,L0N1986,0,1986,L2N2394,2,2394,0.5190472,0.5190472,14.80122427952989,1.7229679936233233e-49,6.484336887055301e-44,True,0.5190472,2
neuron_neuron,L1N1429,1,1429,L3N1398,3,1398,0.5189112,0.5189112,14.797353986843657,1.7229679936233233e-49,6.484336887055301e-44,True,0.5189112,2
neuron_neuron,L8N2758,8,2758,L11N234,11,234,0.51856494,0.51856494,14.798498974884437,1.8079348174789177e-49,6.799998147032775e-44,True,0.51856494,3
neuron_neuron,L9N2275,9,2275,L11N802,11,802,0.5207109,-0.5207109,-14.784375067831304,1.920104376818273e-49,7.213178335427012e-44,True,0.5207109,2
neuron_neuron,L3N74,3,74,L5N881,5,881,0.5208116,-0.5208116,-14.787241323151084,1.920104376818273e-49,7.213178335427012e-44,True,0.5208116,2
neuron_neuron,L9N1937,9,1937,L10N271,10,271,0.5225442,-0.5225442,-14.789809460541925,2.0383497935665663e-49,7.638956774034177e-44,True,0.5225442,1
neuron_neuron,L10N738,10,738,L11N2013,11,2013,0.52261907,-0.52261907,-14.791933393266463,2.0383497935665663e-49,7.638956774034177e-44,True,0.52261907,1
neuron_neuron,L4N2722,4,2722,L5N762,5,762,0.5222419,-0.5222419,-14.781232560240262,2.0383497935665663e-49,7.638956774034177e-44,True,0.5222419,1
neuron_neuron,L2N2969,2,2969,L3N560,3,560,0.5221286,-0.5221286,-14.77801791365638,2.0383497935665663e-49,7.638956774034177e-44,True,0.5221286,1
neuron_neuron,L2N3034,2,3034,L3N1751,3,1751,0.5199906,0.5199906,14.787698870899268,2.0557524647405978e-49,7.69029394415553e-44,True,0.5199906,1
neuron_neuron,L1N2401,1,2401,L2N1825,2,1825,0.51973176,0.51973176,14.780354730913048,2.0557524647405978e-49,7.69029394415553e-44,True,0.51973176,1
neuron_neuron,L8N689,8,689,L9N340,9,340,0.5196544,0.5196544,14.778159774960454,2.0557524647405978e-49,7.69029394415553e-44,True,0.5196544,1
neuron_neuron,L0N2852,0,2852,L2N2824,2,2824,0.5181597,0.5181597,14.775970704552662,2.1281536343726856e-49,7.951585544317265e-44,True,0.5181597,2
neuron_neuron,L9N2850,9,2850,L11N1506,11,1506,0.51841897,0.51841897,14.783348343985232,2.1281536343726856e-49,7.951585544317265e-44,True,0.51841897,2
neuron_neuron,L0N646,0,646,L3N1027,3,1027,0.5180725,0.5180725,14.78447096414135,2.233523615386312e-49,8.340284409863467e-44,True,0.5180725,3
neuron_neuron,L0N2898,0,2898,L4N3002,4,3002,0.51693785,0.51693785,14.778796848403816,2.295726304650148e-49,8.567421463997309e-44,True,0.51693785,4
neuron_neuron,L6N116,6,116,L8N1113,8,1113,0.5203915,-0.5203915,-14.775287851261258,2.3714051022895327e-49,8.833968271912556e-44,True,0.5203915,2
neuron_neuron,L5N2394,5,2394,L7N3023,7,3023,0.52024895,-0.52024895,-14.771230997577875,2.3714051022895327e-49,8.833968271912556e-44,True,0.52024895,2
neuron_neuron,L9N2168,9,2168,L11N2662,11,2662,0.5201263,-0.5201263,-14.767740610922193,2.3714051022895327e-49,8.833968271912556e-44,True,0.5201263,2
neuron_neuron,L1N596,1,596,L2N773,2,773,0.5216428,-0.5216428,-14.764236025356198,2.515740721529822e-49,9.34370622322242e-44,True,0.5216428,1
neuron_neuron,L4N923,4,923,L5N834,5,834,0.5219189,-0.5219189,-14.772068872792572,2.515740721529822e-49,9.34370622322242e-44,True,0.5219189,1
neuron_neuron,L10N1512,10,1512,L11N1681,11,1681,0.5220753,-0.5220753,-14.776506133516458,2.515740721529822e-49,9.34370622322242e-44,True,0.5220753,1
neuron_neuron,L9N1271,9,1271,L10N2437,10,2437,0.52189344,-0.52189344,-14.771346803307395,2.515740721529822e-49,9.34370622322242e-44,True,0.52189344,1
neuron_neuron,L0N619,0,619,L1N585,1,585,0.5220803,-0.5220803,-14.776648179972558,2.515740721529822e-49,9.34370622322242e-44,True,0.5220803,1
neuron_neuron,L6N1189,6,1189,L7N2813,7,2813,0.5192475,0.5192475,14.766615118343848,2.5371986636917053e-49,9.417787257637909e-44,True,0.5192475,1
neuron_neuron,L8N1174,8,1174,L11N802,11,802,0.5195353,-0.5195353,-14.772778585300024,2.6155257495585607e-49,9.702745990775797e-44,True,0.5195353,3
neuron_neuron,L7N2880,7,2880,L9N552,9,552,0.5176419,0.5176419,14.761237473805371,2.6280962926493617e-49,9.743575397069594e-44,True,0.5176419,2
neuron_neuron,L1N416,1,416,L4N1378,4,1378,0.5174011,0.5174011,14.765345871789602,2.7587393126403786e-49,1.0221845408053369e-43,True,0.5174011,3
neuron_neuron,L10N283,10,283,L11N1480,11,1480,0.5189686,0.5189686,14.758702792533228,3.1307700549338468e-49,1.1586530615725814e-43,True,0.5189686,1
neuron_neuron,L9N2007,9,2007,L10N551,10,551,0.51910424,0.51910424,14.762551575081844,3.1307700549338468e-49,1.1586530615725814e-43,True,0.51910424,1
neuron_neuron,L6N470,6,470,L9N510,9,510,0.51667786,0.51667786,14.744743610550604,3.406772354562626e-49,1.2600488590878677e-43,True,0.51667786,3
neuron_neuron,L0N2852,0,2852,L4N3002,4,3002,0.51590836,0.51590836,14.749407602521629,3.5046494570900126e-49,1.2954809718788513e-43,True,0.51590836,4
neuron_neuron,L3N1533,3,1533,L7N566,7,566,0.51726633,-0.51726633,-14.744985827676972,3.5243203886980246e-49,1.3019795722919665e-43,True,0.51726633,4
neuron_neuron,L9N1077,9,1077,L11N818,11,818,0.5191594,-0.5191594,-14.74022795187044,3.614973888818336e-49,1.3346778109675732e-43,True,0.5191594,2
neuron_neuron,L10N1528,10,1528,L11N1420,11,1420,0.52073747,-0.52073747,-14.738550982240682,3.82982862417756e-49,1.4098254310749478e-43,True,0.52073747,1
neuron_neuron,L6N1837,6,1837,L7N2758,7,2758,0.52105963,-0.52105963,-14.747690995279022,3.82982862417756e-49,1.4098254310749478e-43,True,0.52105963,1
neuron_neuron,L5N2309,5,2309,L6N2613,6,2613,0.52099293,-0.52099293,-14.745798733560262,3.82982862417756e-49,1.4098254310749478e-43,True,0.52099293,1
neuron_neuron,L3N486,3,486,L4N2970,4,2970,0.5207648,-0.5207648,-14.739327164661514,3.82982862417756e-49,1.4098254310749478e-43,True,0.5207648,1
neuron_neuron,L8N1778,8,1778,L9N3031,9,3031,0.5208887,-0.5208887,-14.74284112342075,3.82982862417756e-49,1.4098254310749478e-43,True,0.5208887,1
neuron_neuron,L1N605,1,605,L2N2361,2,2361,0.5182147,0.5182147,14.737314654714735,3.8624325833702186e-49,1.4209876789561525e-43,True,0.5182147,1
neuron_neuron,L1N242,1,242,L4N2601,4,2601,0.5183674,-0.5183674,-14.739510025326648,3.988232873968106e-49,1.4664034077851621e-43,True,0.5183674,3
neuron_neuron,L8N1760,8,1760,L9N1271,9,1271,0.5202293,-0.5202293,-14.724133266946527,4.7239537549168536e-49,1.7338445328899956e-43,True,0.5202293,1
neuron_neuron,L1N2920,1,2920,L2N2834,2,2834,0.5205883,-0.5205883,-14.734318336054748,4.7239537549168536e-49,1.7338445328899956e-43,True,0.5205883,1
neuron_neuron,L2N1470,2,1470,L3N1179,3,1179,0.52038246,-0.52038246,-14.728479212091491,4.7239537549168536e-49,1.7338445328899956e-43,True,0.52038246,1
neuron_neuron,L10N2732,10,2732,L11N99,11,99,0.5181031,0.5181031,14.734149047978796,4.764131027850295e-49,1.7475611032129184e-43,True,0.5181031,1
neuron_neuron,L1N455,1,455,L5N1244,5,1244,0.51645017,-0.51645017,-14.721686444637095,5.375799050380972e-49,1.9696110093182665e-43,True,0.51645017,4
neuron_neuron,L0N978,0,978,L4N825,4,825,0.5166168,-0.5166168,-14.726443990461933,5.375799050380972e-49,1.9696110093182665e-43,True,0.5166168,4
neuron_neuron,L9N1936,9,1936,L11N1936,11,1936,0.51829606,-0.51829606,-14.715662956573588,5.5062345146910055e-49,2.0150299561169928e-43,True,0.51829606,2
neuron_neuron,L0N646,0,646,L2N714,2,714,0.51861614,-0.51861614,-14.724770525252412,5.5062345146910055e-49,2.0150299561169928e-43,True,0.51861614,2
neuron_neuron,L1N2821,1,2821,L2N2585,2,2585,0.5200882,-0.5200882,-14.720130600737138,5.825657916486184e-49,2.1269256593258065e-43,True,0.5200882,1
neuron_neuron,L5N2315,5,2315,L6N2681,6,2681,0.5198965,-0.5198965,-14.714692250703594,5.825657916486184e-49,2.1269256593258065e-43,True,0.5198965,1
neuron_neuron,L0N174,0,174,L1N567,1,567,0.51969284,-0.51969284,-14.708914003792954,5.825657916486184e-49,2.1269256593258065e-43,True,0.51969284,1
neuron_neuron,L4N919,4,919,L5N2938,5,2938,0.51987106,-0.51987106,-14.713970181218418,5.825657916486184e-49,2.1269256593258065e-43,True,0.51987106,1
neuron_neuron,L1N1983,1,1983,L2N854,2,854,0.5172598,0.5172598,14.710222675272137,5.875157691212895e-49,2.1412324836895397e-43,True,0.5172598,1
neuron_neuron,L7N493,7,493,L8N1604,8,1604,0.517531,0.517531,14.717916858310886,5.875157691212895e-49,2.1412324836895397e-43,True,0.517531,1
neuron_neuron,L6N2538,6,2538,L7N2742,7,2742,0.51734644,0.51734644,14.712681431786056,5.875157691212895e-49,2.1412324836895397e-43,True,0.51734644,1
neuron_neuron,L1N750,1,750,L4N2835,4,2835,0.5172697,-0.5172697,-14.708239888089244,6.076470104764741e-49,2.2133067752308963e-43,True,0.5172697,3
neuron_neuron,L0N41,0,41,L3N1718,3,1718,0.51512843,0.51512843,14.700606822936642,6.407881729940035e-49,2.3326567444506372e-43,True,0.51512843,3
neuron_neuron,L1N2956,1,2956,L3N2153,3,2153,0.51790696,-0.51790696,-14.70459140939754,6.793573414006898e-49,2.470172418845548e-43,True,0.51790696,2
neuron_neuron,L9N2995,9,2995,L11N681,11,681,0.51769525,-0.51769525,-14.698567185198806,6.793573414006898e-49,2.470172418845548e-43,True,0.51769525,2
neuron_neuron,L2N2271,2,2271,L3N1533,3,1533,0.51916486,-0.51916486,-14.693934866791356,7.182859421384867e-49,2.607152538682405e-43,True,0.51916486,1
neuron_neuron,L3N1395,3,1395,L4N2119,4,2119,0.5193857,-0.5193857,-14.700200130122912,7.182859421384867e-49,2.607152538682405e-43,True,0.5193857,1
neuron_neuron,L2N641,2,641,L3N3035,3,3035,0.5195158,-0.5195158,-14.703891646952274,7.182859421384867e-49,2.607152538682405e-43,True,0.5195158,1
neuron_neuron,L9N11,9,11,L10N383,10,383,0.5169602,0.5169602,14.701723562315482,7.243832572820005e-49,2.626223013051876e-43,True,0.5169602,1
neuron_neuron,L4N2555,4,2555,L5N959,5,959,0.5170994,0.5170994,14.705672115589216,7.243832572820005e-49,2.626223013051876e-43,True,0.5170994,1
neuron_neuron,L9N2315,9,2315,L11N2652,11,2652,0.5153391,0.5153391,14.69571216358071,7.525246365948981e-49,2.7266613633811883e-43,True,0.5153391,2
neuron_neuron,L1N2537,1,2537,L5N2723,5,2723,0.51557595,-0.51557595,-14.696729747708307,8.193293436443903e-49,2.966992308079701e-43,True,0.51557595,4
neuron_neuron,L9N1271,9,1271,L11N234,11,234,0.5171687,-0.5171687,-14.683584641118966,8.380199833809527e-49,3.0329123730600674e-43,True,0.5171687,2
neuron_neuron,L2N2665,2,2665,L11N740,11,740,0.51944077,0.51944077,14.689372164295955,8.619927254084605e-49,3.1178614466812645e-43,True,0.51944077,9
neuron_neuron,L9N2598,9,2598,L11N553,11,553,0.51488805,0.51488805,14.68287846298617,9.281842846804122e-49,3.355330401096172e-43,True,0.51488805,2
neuron_neuron,L0N101,0,101,L5N785,5,785,0.5143368,0.5143368,14.67883945102774,9.642859202329554e-49,3.479776833244205e-43,True,0.5143368,5
neuron_neuron,L0N1422,0,1422,L5N881,5,881,0.5142231,0.5142231,14.6755979099317,9.642859202329554e-49,3.479776833244205e-43,True,0.5142231,5
neuron_neuron,L0N1469,0,1469,L5N2723,5,2723,0.51417947,0.51417947,14.674354299825673,9.642859202329554e-49,3.479776833244205e-43,True,0.51417947,5
neuron_neuron,L7N2151,7,2151,L10N1037,10,1037,0.5143239,0.5143239,14.677688632545673,9.754172412293192e-49,3.517907763918524e-43,True,0.5143239,3
neuron_neuron,L0N2418,0,2418,L4N3002,4,3002,0.51361567,0.51361567,14.683957316344102,1.0055763589322596e-48,3.6245798742441514e-43,True,0.51361567,4
neuron_neuron,L1N1450,1,1450,L5N1174,5,1174,0.51465654,-0.51465654,-14.670483272619569,1.0111933199360098e-48,3.642718043419673e-43,True,0.51465654,4
neuron_neuron,L4N1153,4,1153,L6N492,6,492,0.51683563,-0.51683563,-14.67410734246398,1.0335298187197714e-48,3.721030812353632e-43,True,0.51683563,2
neuron_neuron,L9N1015,9,1015,L10N927,10,927,0.5182169,-0.5182169,-14.66704073776975,1.0912927808497864e-48,3.919932127275509e-43,True,0.5182169,1
neuron_neuron,L3N1612,3,1612,L4N1722,4,1722,0.5184982,-0.5184982,-14.675020704749942,1.0912927808497864e-48,3.919932127275509e-43,True,0.5184982,1
neuron_neuron,L0N2260,0,2260,L1N1098,1,1098,0.51845735,-0.51845735,-14.67386234972103,1.0912927808497864e-48,3.919932127275509e-43,True,0.51845735,1
neuron_neuron,L4N669,4,669,L5N436,5,436,0.5182506,-0.5182506,-14.667996169289946,1.0912927808497864e-48,3.919932127275509e-43,True,0.5182506,1
neuron_neuron,L2N1416,2,1416,L3N1616,3,1616,0.51601577,0.51601577,14.674929204018994,1.1005386435614967e-48,3.948589025198256e-43,True,0.51601577,1
neuron_neuron,L5N303,5,303,L6N414,6,414,0.51575655,0.51575655,14.66757491785734,1.1005386435614967e-48,3.948589025198256e-43,True,0.51575655,1
neuron_neuron,L8N714,8,714,L10N88,10,88,0.51453006,0.51453006,14.672692232542031,1.1446171108526446e-48,4.099652160942364e-43,True,0.51453006,2
neuron_neuron,L4N1153,4,1153,L6N42,6,42,0.5145801,0.5145801,14.674115184147531,1.1446171108526446e-48,4.099652160942364e-43,True,0.5145801,2
neuron_neuron,L8N1796,8,1796,L10N977,10,977,0.51419246,0.51419246,14.663086037198108,1.1446171108526446e-48,4.099652160942364e-43,True,0.51419246,2
neuron_neuron,L2N1237,2,1237,L6N1138,6,1138,0.5128528,0.5128528,14.662179122849077,1.2408092753932049e-48,4.4416275809902025e-43,True,0.5128528,4
neuron_neuron,L1N1504,1,1504,L8N2011,8,2011,0.5164985,-0.5164985,-14.66397749231994,1.2842020708259327e-48,4.594316953172393e-43,True,0.5164985,7
neuron_neuron,L6N414,6,414,L7N1904,7,1904,0.5178182,-0.5178182,-14.655729443188166,1.3447229337418695e-48,4.802558783331197e-43,True,0.5178182,1
neuron_neuron,L8N23,8,23,L9N1943,9,1943,0.5180934,-0.5180934,-14.66353692518595,1.3447229337418695e-48,4.802558783331197e-43,True,0.5180934,1
neuron_neuron,L3N1570,3,1570,L4N1868,4,1868,0.5180738,-0.5180738,-14.662980576566223,1.3447229337418695e-48,4.802558783331197e-43,True,0.5180738,1
neuron_neuron,L1N1512,1,1512,L2N236,2,236,0.51537186,0.51537186,14.656661015146986,1.3561049923793424e-48,4.837661020633229e-43,True,0.51537186,1
neuron_neuron,L1N1263,1,1263,L2N1981,2,1981,0.5153756,0.5153756,14.65676754998906,1.3561049923793424e-48,4.837661020633229e-43,True,0.5153756,1
neuron_neuron,L1N2401,1,2401,L4N2601,4,2601,0.5154171,-0.5154171,-14.655467605118304,1.4071524322993596e-48,5.016890232955556e-43,True,0.5154171,3
neuron_neuron,L4N55,4,55,L6N1095,6,1095,0.5137099,0.5137099,14.649355147808206,1.4112332232923518e-48,5.028560991293585e-43,True,0.5137099,2
neuron_neuron,L10N823,10,823,L11N553,11,553,0.51732016,-0.51732016,-14.641599202864692,1.6566752718383243e-48,5.8963831904390095e-43,True,0.51732016,1
neuron_neuron,L5N303,5,303,L6N686,6,686,0.51722485,-0.51722485,-14.638895247111073,1.6566752718383243e-48,5.8963831904390095e-43,True,0.51722485,1
neuron_neuron,L8N1483,8,1483,L9N2456,9,2456,0.51499915,0.51499915,14.64608700931373,1.6706842626224116e-48,5.929302656922811e-43,True,0.51499915,1
neuron_neuron,L1N1450,1,1450,L2N1153,2,1153,0.5149654,0.5149654,14.645129886764297,1.6706842626224116e-48,5.929302656922811e-43,True,0.5149654,1
neuron_neuron,L1N1653,1,1653,L2N2643,2,2643,0.5146894,0.5146894,14.63729873035716,1.6706842626224116e-48,5.929302656922811e-43,True,0.5146894,1
neuron_neuron,L5N1856,5,1856,L6N2538,6,2538,0.5147076,0.5147076,14.637816185304382,1.6706842626224116e-48,5.929302656922811e-43,True,0.5147076,1
neuron_neuron,L0N2260,0,2260,L5N1010,5,1010,0.514351,-0.514351,-14.642017652622869,1.6680660920486476e-48,5.929302656922811e-43,True,0.514351,5
neuron_neuron,L1N781,1,781,L4N1763,4,1763,0.5147861,-0.5147861,-14.637493685761452,1.7349798783856337e-48,6.153982955632733e-43,True,0.5147861,3
neuron_neuron,L3N1718,3,1718,L5N1864,5,1864,0.51347584,0.51347584,14.642694920210117,1.7396019521767957e-48,6.1668655937609966e-43,True,0.51347584,2
neuron_neuron,L4N748,4,748,L6N956,6,956,0.51526314,-0.51526314,-14.629363231312253,1.9364403898227482e-48,6.856850036441582e-43,True,0.51526314,2
neuron_neuron,L0N1693,0,1693,L2N1711,2,1711,0.5154762,-0.5154762,-14.635426463719478,1.9364403898227482e-48,6.856850036441582e-43,True,0.5154762,2
neuron_neuron,L1N2409,1,2409,L8N548,8,548,0.5151739,-0.5151739,-14.626344950195136,1.9500611045139482e-48,6.901157045453011e-43,True,0.5151739,7
neuron_neuron,L2N842,2,842,L3N1706,3,1706,0.5169209,-0.5169209,-14.630272689019952,2.0405865394977723e-48,7.205146158258545e-43,True,0.5169209,1
neuron_neuron,L8N1333,8,1333,L9N839,9,839,0.51662356,-0.51662356,-14.621836144145156,2.0405865394977723e-48,7.205146158258545e-43,True,0.51662356,1
neuron_neuron,L10N345,10,345,L11N1936,11,1936,0.51683515,-0.51683515,-14.62783929794462,2.0405865394977723e-48,7.205146158258545e-43,True,0.51683515,1
neuron_neuron,L4N1541,4,1541,L5N1856,5,1856,0.517069,-0.517069,-14.63447320565034,2.0405865394977723e-48,7.205146158258545e-43,True,0.517069,1
neuron_neuron,L1N706,1,706,L6N3039,6,3039,0.51369715,-0.51369715,-14.62338049024154,2.0566019055552844e-48,7.253678569906169e-43,True,0.51369715,5
neuron_neuron,L1N2920,1,2920,L2N2297,2,2297,0.5143156,0.5143156,14.626694285997598,2.057825280042482e-48,7.253678569906169e-43,True,0.5143156,1
neuron_neuron,L2N1470,2,1470,L3N1342,3,1342,0.5142036,0.5142036,14.62351684205698,2.057825280042482e-48,7.253678569906169e-43,True,0.5142036,1
neuron_neuron,L3N1975,3,1975,L6N2430,6,2430,0.51427484,-0.51427484,-14.622929140112191,2.1387502889233147e-48,7.53466900699708e-43,True,0.51427484,3
neuron_neuron,L8N2838,8,2838,L11N1577,11,1577,0.51234907,0.51234907,14.621433966370418,2.2547084672868958e-48,7.93869142092443e-43,True,0.51234907,3
neuron_neuron,L0N1483,0,1483,L4N1378,4,1378,0.51279324,-0.51279324,-14.61729098362449,2.3412972285432058e-48,8.238907803016107e-43,True,0.51279324,4
neuron_neuron,L0N2556,0,2556,L2N112,2,112,0.5148058,-0.5148058,-14.616349753756827,2.3862883061698326e-48,8.392487635666975e-43,True,0.5148058,2
neuron_neuron,L9N2593,9,2593,L10N1693,10,1693,0.51616645,-0.51616645,-14.608867640909068,2.5129606928889792e-48,8.828020198956637e-43,True,0.51616645,1
neuron_neuron,L10N282,10,282,L11N2890,11,2890,0.5163032,-0.5163032,-14.612746861983991,2.5129606928889792e-48,8.828020198956637e-43,True,0.5163032,1
neuron_neuron,L7N2887,7,2887,L8N716,8,716,0.5139769,0.5139769,14.617084166830734,2.534169530638928e-48,8.892495739476007e-43,True,0.5139769,1
neuron_neuron,L1N1013,1,1013,L2N1152,2,1152,0.5136351,0.5136351,14.607387805172667,2.534169530638928e-48,8.892495739476007e-43,True,0.5136351,1
neuron_neuron,L0N10,0,10,L2N1597,2,1597,0.5125949,0.5125949,14.617627906230034,2.641737652183358e-48,9.264736734365065e-43,True,0.5125949,2
neuron_neuron,L7N2900,7,2900,L10N3066,10,3066,0.51202476,0.51202476,14.61219571819163,2.7787293205108337e-48,9.734213005255778e-43,True,0.51202476,3
neuron_neuron,L1N1983,1,1983,L4N1198,4,1198,0.51182777,0.51182777,14.60658417431534,2.7787293205108337e-48,9.734213005255778e-43,True,0.51182777,3
neuron_neuron,L5N2070,5,2070,L6N512,6,512,0.51568896,-0.51568896,-14.595320805673149,3.094064938762539e-48,1.082669196018738e-42,True,0.51568896,1
neuron_neuron,L0N1360,0,1360,L1N2088,1,2088,0.51581305,-0.51581305,-14.59884152854934,3.094064938762539e-48,1.082669196018738e-42,True,0.51581305,1
neuron_neuron,L2N2824,2,2824,L3N1533,3,1533,0.5131921,0.5131921,14.594820075866291,3.120152943154498e-48,1.0887396025532636e-42,True,0.5131921,1
neuron_neuron,L0N2306,0,2306,L1N240,1,240,0.5134442,0.5134442,14.601971438519234,3.120152943154498e-48,1.0887396025532636e-42,True,0.5134442,1
neuron_neuron,L0N486,0,486,L1N2396,1,2396,0.51350254,0.51350254,14.603626956144495,3.120152943154498e-48,1.0887396025532636e-42,True,0.51350254,1
neuron_neuron,L8N1627,8,1627,L9N2580,9,2580,0.51340795,0.51340795,14.600943292741748,3.120152943154498e-48,1.0887396025532636e-42,True,0.51340795,1
neuron_neuron,L4N669,4,669,L5N2070,5,2070,0.5131898,0.5131898,14.59475412572596,3.120152943154498e-48,1.0887396025532636e-42,True,0.5131898,1
neuron_neuron,L0N646,0,646,L5N587,5,587,0.512698,-0.512698,-14.594901479029309,3.1243588156353456e-48,1.0895967724867903e-42,True,0.512698,5
neuron_neuron,L2N2331,2,2331,L5N234,5,234,0.51319474,-0.51319474,-14.592161579875508,3.248092498063908e-48,1.1314809130393833e-42,True,0.51319474,3
neuron_neuron,L1N2401,1,2401,L4N1818,4,1818,0.5132014,-0.5132014,-14.59235174414605,3.248092498063908e-48,1.1314809130393833e-42,True,0.5132014,3
neuron_neuron,L2N410,2,410,L4N3002,4,3002,0.51179534,0.51179534,14.594877640632683,3.2544559168006905e-48,1.1324309241590109e-42,True,0.51179534,2
neuron_neuron,L0N2403,0,2403,L2N2911,2,2911,0.51192206,0.51192206,14.598483355904785,3.2544559168006905e-48,1.1324309241590109e-42,True,0.51192206,2
neuron_neuron,L9N977,9,977,L10N226,10,226,0.5153176,-0.5153176,-14.584785693512394,3.808782782596833e-48,1.323098795168036e-42,True,0.5153176,1
neuron_neuron,L0N2511,0,2511,L1N2956,1,2956,0.5153551,-0.5153551,-14.585849350903906,3.808782782596833e-48,1.323098795168036e-42,True,0.5153551,1
neuron_neuron,L0N703,0,703,L1N440,1,440,0.51532847,-0.51532847,-14.585093460833946,3.808782782596833e-48,1.323098795168036e-42,True,0.51532847,1
neuron_neuron,L2N719,2,719,L8N2011,8,2011,0.51238203,-0.51238203,-14.586285620063563,3.827717707562983e-48,1.328935248727862e-42,True,0.51238203,6
neuron_neuron,L1N1638,1,1638,L2N2361,2,2361,0.51280254,0.51280254,14.58376750875832,3.840865969466547e-48,1.3312739485981173e-42,True,0.51280254,1
neuron_neuron,L3N590,3,590,L4N3014,4,3014,0.5129629,0.5129629,14.588316377412,3.840865969466547e-48,1.3312739485981173e-42,True,0.5129629,1
neuron_neuron,L10N1347,10,1347,L11N2794,11,2794,0.5130921,0.5130921,14.591982528802772,3.840865969466547e-48,1.3312739485981173e-42,True,0.5130921,1
neuron_neuron,L2N1440,2,1440,L7N2943,7,2943,0.51245844,-0.51245844,-14.58807351589252,3.849768342610705e-48,1.3328761343163364e-42,True,0.51245844,5
neuron_neuron,L2N2769,2,2769,L7N924,7,924,0.5123203,-0.5123203,-14.584135417223433,3.849768342610705e-48,1.3328761343163364e-42,True,0.5123203,5
neuron_neuron,L3N3028,3,3028,L6N203,6,203,0.51274925,-0.51274925,-14.579471510607313,4.0015758957315325e-48,1.3838967957728469e-42,True,0.51274925,3
neuron_neuron,L3N3054,3,3054,L6N444,6,444,0.512896,-0.512896,-14.58365172876871,4.0015758957315325e-48,1.3838967957728469e-42,True,0.512896,3
neuron_neuron,L2N2394,2,2394,L5N584,5,584,0.5107444,0.5107444,14.575723229838658,4.217887304362595e-48,1.4578959969185524e-42,True,0.5107444,3
neuron_neuron,L0N2702,0,2702,L2N2324,2,2324,0.5135494,-0.5135494,-14.580599578676573,4.4602015627920606e-48,1.5407959104050538e-42,True,0.5135494,2
neuron_neuron,L9N2995,9,2995,L10N113,10,113,0.51487833,-0.51487833,-14.572322808018855,4.6876592892600105e-48,1.6157875008166533e-42,True,0.51487833,1
neuron_neuron,L1N1602,1,1602,L2N2643,2,2643,0.5148929,-0.5148929,-14.572735419153242,4.6876592892600105e-48,1.6157875008166533e-42,True,0.5148929,1
neuron_neuron,L0N2608,0,2608,L1N382,1,382,0.5148498,-0.5148498,-14.57151280501324,4.6876592892600105e-48,1.6157875008166533e-42,True,0.5148498,1
neuron_neuron,L5N432,5,432,L6N684,6,684,0.5150777,-0.5150777,-14.577979300824268,4.6876592892600105e-48,1.6157875008166533e-42,True,0.5150777,1
neuron_neuron,L0N817,0,817,L1N802,1,802,0.5124032,0.5124032,14.572437612855104,4.7271074533078996e-48,1.626684235594537e-42,True,0.5124032,1
neuron_neuron,L6N377,6,377,L7N1492,7,1492,0.51215833,0.51215833,14.565490864740116,4.7271074533078996e-48,1.626684235594537e-42,True,0.51215833,1
neuron_neuron,L7N1211,7,1211,L8N2649,8,2649,0.51213,0.51213,14.564687625851452,4.7271074533078996e-48,1.626684235594537e-42,True,0.51213,1
neuron_neuron,L6N1099,6,1099,L9N510,9,510,0.51259685,-0.51259685,-14.575129992395006,4.92885535690793e-48,1.6951728239794057e-42,True,0.51259685,3
neuron_neuron,L9N2043,9,2043,L11N1036,11,1036,0.5108082,0.5108082,14.56679003450791,4.9362077020765833e-48,1.696764582165076e-42,True,0.5108082,2
neuron_neuron,L1N2401,1,2401,L9N1111,9,1111,0.5142711,-0.5142711,-14.560936563013549,5.2953170374740063e-48,1.8192003092026958e-42,True,0.5142711,8
neuron_neuron,L3N2723,3,2723,L7N704,7,704,0.50924766,0.50924766,14.559262312523805,5.3736560809528364e-48,1.845095897713492e-42,True,0.50924766,4
neuron_neuron,L0N1997,0,1997,L1N2421,1,2421,0.5141731,-0.5141731,-14.552314550059624,5.7681816037584e-48,1.9762023186168785e-42,True,0.5141731,1
neuron_neuron,L5N1611,5,1611,L6N2946,6,2946,0.51436746,-0.51436746,-14.557828996408936,5.7681816037584e-48,1.9762023186168785e-42,True,0.51436746,1
neuron_neuron,L10N1528,10,1528,L11N1618,11,1618,0.5145891,-0.5145891,-14.5641162431206,5.7681816037584e-48,1.9762023186168785e-42,True,0.5145891,1
neuron_neuron,L9N863,9,863,L10N969,10,969,0.51416445,-0.51416445,-14.552069350819927,5.7681816037584e-48,1.9762023186168785e-42,True,0.51416445,1
neuron_neuron,L6N2105,6,2105,L7N258,7,258,0.5120278,0.5120278,14.56178751070608,5.816675685818832e-48,1.991721030905059e-42,True,0.5120278,1
neuron_neuron,L1N2396,1,2396,L4N2621,4,2621,0.51164,-0.51164,-14.547873679582276,6.069786768129531e-48,2.0749680799812546e-42,True,0.51164,3
neuron_neuron,L8N3034,8,3034,L11N2662,11,2662,0.51163995,-0.51163995,-14.547871981687004,6.069786768129531e-48,2.0749680799812546e-42,True,0.51163995,3
neuron_neuron,L8N1125,8,1125,L11N2983,11,2983,0.51163167,-0.51163167,-14.547635974244097,6.069786768129531e-48,2.0749680799812546e-42,True,0.51163167,3
neuron_neuron,L5N2667,5,2667,L8N1627,8,1627,0.5097281,0.5097281,14.54677241754377,6.397246445909129e-48,2.184512861306893e-42,True,0.5097281,3
neuron_neuron,L0N2644,0,2644,L3N1533,3,1533,0.5099009,0.5099009,14.551696313834611,6.397246445909129e-48,2.184512861306893e-42,True,0.5099009,3
neuron_neuron,L0N174,0,174,L2N773,2,773,0.5124716,-0.5124716,-14.549932342764,6.760906043460393e-48,2.3036424214244802e-42,True,0.5124716,2
neuron_neuron,L8N1281,8,1281,L10N1689,10,1689,0.51240677,-0.51240677,-14.548087084901324,6.760906043460393e-48,2.3036424214244802e-42,True,0.51240677,2
neuron_neuron,L9N1895,9,1895,L11N2226,11,2226,0.5124618,-0.5124618,-14.54965250126828,6.760906043460393e-48,2.3036424214244802e-42,True,0.5124618,2
neuron_neuron,L2N1269,2,1269,L4N2621,4,2621,0.5122045,-0.5122045,-14.54233252614392,6.760906043460393e-48,2.3036424214244802e-42,True,0.5122045,2
neuron_neuron,L10N1886,10,1886,L11N2983,11,2983,0.51395935,-0.51395935,-14.546250519207543,7.096347361144565e-48,2.4152947328701404e-42,True,0.51395935,1
neuron_neuron,L3N176,3,176,L4N3002,4,3002,0.5136278,-0.5136278,-14.536845014578631,7.096347361144565e-48,2.4152947328701404e-42,True,0.5136278,1
neuron_neuron,L1N2120,1,2120,L2N2027,2,2027,0.51129,0.51129,14.540855950782197,7.155949705629067e-48,2.4315946145153537e-42,True,0.51129,1
neuron_neuron,L2N2856,2,2856,L3N2639,3,2639,0.51127714,0.51127714,14.540490688466509,7.155949705629067e-48,2.4315946145153537e-42,True,0.51127714,1
neuron_neuron,L1N3020,1,3020,L2N2284,2,2284,0.51121634,0.51121634,14.538765838642435,7.155949705629067e-48,2.4315946145153537e-42,True,0.51121634,1
neuron_neuron,L1N656,1,656,L4N1378,4,1378,0.5114462,-0.5114462,-14.54235212415544,7.473312492375233e-48,2.537887118474672e-42,True,0.5114462,3
neuron_neuron,L0N1045,0,1045,L2N1597,2,1597,0.50987154,0.50987154,14.540137252052093,7.480982176012459e-48,2.537887118474672e-42,True,0.50987154,2
neuron_neuron,L3N1718,3,1718,L5N881,5,881,0.5099631,0.5099631,14.542742321975869,7.480982176012459e-48,2.537887118474672e-42,True,0.5099631,2
neuron_neuron,L7N1385,7,1385,L10N1291,10,1291,0.5091359,0.5091359,14.529903828009449,7.876089754650487e-48,2.6690180316648527e-42,True,0.5091359,3
neuron_neuron,L2N1237,2,1237,L5N303,5,303,0.5095425,0.5095425,14.54148686955984,7.876089754650487e-48,2.6690180316648527e-42,True,0.5095425,3
neuron_neuron,L0N2251,0,2251,L1N824,1,824,0.5133395,-0.5133395,-14.528665506148206,8.728585315500089e-48,2.9498836326732386e-42,True,0.5133395,1
neuron_neuron,L10N2958,10,2958,L11N1998,11,1998,0.51356393,-0.51356393,-14.53503223123412,8.728585315500089e-48,2.9498836326732386e-42,True,0.51356393,1
neuron_neuron,L8N2069,8,2069,L9N510,9,510,0.513586,-0.513586,-14.535657912052654,8.728585315500089e-48,2.9498836326732386e-42,True,0.513586,1
neuron_neuron,L9N1552,9,1552,L10N853,10,853,0.5134087,-0.5134087,-14.53062879109502,8.728585315500089e-48,2.9498836326732386e-42,True,0.5134087,1
neuron_neuron,L8N2988,8,2988,L9N2669,9,2669,0.51322585,-0.51322585,-14.525440713388887,8.728585315500089e-48,2.9498836326732386e-42,True,0.51322585,1
neuron_neuron,L2N2015,2,2015,L3N1132,3,1132,0.51092565,0.51092565,14.530518689042438,8.801825696728421e-48,2.973022565061272e-42,True,0.51092565,1
neuron_neuron,L6N42,6,42,L8N1778,8,1778,0.5091384,0.5091384,14.519276340553104,9.206828008130895e-48,3.106452317421232e-42,True,0.5091384,2
neuron_neuron,L9N2580,9,2580,L11N3051,11,3051,0.5095332,0.5095332,14.53051070459939,9.206828008130895e-48,3.106452317421232e-42,True,0.5095332,2
neuron_neuron,L1N750,1,750,L4N2930,4,2930,0.5089145,0.5089145,14.52359614707135,9.694838510552528e-48,3.2675705312275053e-42,True,0.5089145,3
neuron_neuron,L6N1728,6,1728,L9N2321,9,2321,0.50874525,0.50874525,14.51877582239214,9.694838510552528e-48,3.2675705312275053e-42,True,0.50874525,3
neuron_neuron,L5N1627,5,1627,L9N1237,9,1237,0.50940394,-0.50940394,-14.520535501422158,1.0096163226630519e-47,3.4009935663641056e-42,True,0.50940394,4
neuron_neuron,L6N2364,6,2364,L8N468,8,468,0.5111538,-0.5111538,-14.512435278346835,1.024013029900733e-47,3.445763150641099e-42,True,0.5111538,2
neuron_neuron,L6N363,6,363,L8N2441,8,2441,0.5115217,-0.5115217,-14.52290304629576,1.024013029900733e-47,3.445763150641099e-42,True,0.5115217,2
neuron_neuron,L1N1602,1,1602,L2N989,2,989,0.5129118,-0.5129118,-14.51653068032709,1.0734106803840471e-47,3.610033965934467e-42,True,0.5129118,1
neuron_neuron,L10N120,10,120,L11N1078,11,1078,0.51051,0.51051,14.518727142156896,1.0824087738900143e-47,3.6383313023170766e-42,True,0.51051,1
neuron_neuron,L8N2630,8,2630,L10N1693,10,1693,0.50867784,0.50867784,14.506171278508171,1.1328541067216555e-47,3.805840749293427e-42,True,0.50867784,2
neuron_neuron,L0N2891,0,2891,L2N2394,2,2394,0.51077664,-0.51077664,-14.50170293298378,1.2598666751409234e-47,4.2279804929904405e-42,True,0.51077664,2
neuron_neuron,L8N1276,8,1276,L10N2013,10,2013,0.51078373,-0.51078373,-14.501904758062512,1.2598666751409234e-47,4.2279804929904405e-42,True,0.51078373,2
neuron_neuron,L2N2451,2,2451,L3N2225,3,2225,0.5122306,-0.5122306,-14.497203907151288,1.319778409935627e-47,4.424270461733779e-42,True,0.5122306,1
neuron_neuron,L10N2779,10,2779,L11N2550,11,2550,0.5121668,-0.5121668,-14.495394505865251,1.319778409935627e-47,4.424270461733779e-42,True,0.5121668,1
neuron_neuron,L4N1315,4,1315,L5N2394,5,2394,0.5100661,0.5100661,14.506132356382691,1.3308309744965692e-47,4.451737848704331e-42,True,0.5100661,1
neuron_neuron,L10N2190,10,2190,L11N1998,11,1998,0.51002616,0.51002616,14.504999366792372,1.3308309744965692e-47,4.451737848704331e-42,True,0.51002616,1
neuron_neuron,L0N2403,0,2403,L1N3058,1,3058,0.5099053,0.5099053,14.5015699594951,1.3308309744965692e-47,4.451737848704331e-42,True,0.5099053,1
neuron_neuron,L4N179,4,179,L5N670,5,670,0.50989586,0.50989586,14.501302776875292,1.3308309744965692e-47,4.451737848704331e-42,True,0.50989586,1
neuron_neuron,L4N2098,4,2098,L7N2813,7,2813,0.50995815,-0.50995815,-14.499964168672363,1.3931771866256314e-47,4.649352994574659e-42,True,0.50995815,3
neuron_neuron,L8N2935,8,2935,L10N1800,10,1800,0.5085029,0.5085029,14.50119349190252,1.3936396063973026e-47,4.649352994574659e-42,True,0.5085029,2
neuron_neuron,L2N197,2,197,L5N529,5,529,0.5096967,-0.5096967,-14.49251720000628,1.3931771866256314e-47,4.649352994574659e-42,True,0.5096967,3
neuron_neuron,L1N709,1,709,L3N1792,3,1792,0.50858736,0.50858736,14.503596736747568,1.3936396063973026e-47,4.649352994574659e-42,True,0.50858736,2
neuron_neuron,L6N2658,6,2658,L8N398,8,398,0.5082817,0.5082817,14.49489960226246,1.3936396063973026e-47,4.649352994574659e-42,True,0.5082817,2
neuron_neuron,L1N2121,1,2121,L8N2079,8,2079,0.5097363,0.5097363,14.491993275603283,1.4268969644949088e-47,4.7577552858494366e-42,True,0.5097363,7
neuron_neuron,L3N135,3,135,L8N583,8,583,0.50778866,0.50778866,14.492195999868894,1.4538582205987288e-47,4.8450594836189636e-42,True,0.50778866,5
neuron_neuron,L0N323,0,323,L3N1718,3,1718,0.5079146,0.5079146,14.495113953871726,1.4680385866245814e-47,4.889700092144511e-42,True,0.5079146,3
neuron_neuron,L6N1500,6,1500,L10N3038,10,3038,0.50691915,0.50691915,14.49278939221154,1.5216615415131651e-47,5.0655969903629225e-42,True,0.50691915,4
neuron_neuron,L2N2500,2,2500,L4N2259,4,2259,0.5101711,-0.5101711,-14.484473176892871,1.5497307068141315e-47,5.156283081320678e-42,True,0.5101711,2
neuron_neuron,L8N224,8,224,L9N2043,9,2043,0.5117076,-0.5117076,-14.482366816605792,1.622367299085957e-47,5.395078458760149e-42,True,0.5117076,1
neuron_neuron,L3N2108,3,2108,L4N2622,4,2622,0.5094187,0.5094187,14.487766087814808,1.6359406873333772e-47,5.428622463738958e-42,True,0.5094187,1
neuron_neuron,L0N2260,0,2260,L1N824,1,824,0.50928545,0.50928545,14.483984946435765,1.6359406873333772e-47,5.428622463738958e-42,True,0.50928545,1
neuron_neuron,L10N370,10,370,L11N1830,11,1830,0.5093633,0.5093633,14.486193430622272,1.6359406873333772e-47,5.428622463738958e-42,True,0.5093633,1
neuron_neuron,L1N1571,1,1571,L2N180,2,180,0.50919574,0.50919574,14.48143994743064,1.6359406873333772e-47,5.428622463738958e-42,True,0.50919574,1
neuron_neuron,L9N2151,9,2151,L11N1043,11,1043,0.5076875,0.5076875,14.477992087893892,1.7141132878115539e-47,5.6729147959558506e-42,True,0.5076875,2
neuron_neuron,L0N101,0,101,L2N2288,2,2288,0.5080241,0.5080241,14.487569451083711,1.7141132878115539e-47,5.6729147959558506e-42,True,0.5080241,2
neuron_neuron,L0N2977,0,2977,L2N2271,2,2271,0.5080585,0.5080585,14.488548048314192,1.7141132878115539e-47,5.6729147959558506e-42,True,0.5080585,2
neuron_neuron,L1N242,1,242,L3N1874,3,1874,0.5080511,0.5080511,14.488337743190138,1.7141132878115539e-47,5.6729147959558506e-42,True,0.5080511,2
neuron_neuron,L0N999,0,999,L2N2135,2,2135,0.50776726,0.50776726,14.480261348022808,1.7141132878115539e-47,5.6729147959558506e-42,True,0.50776726,2
neuron_neuron,L0N1469,0,1469,L5N881,5,881,0.50714165,0.50714165,14.473754213392205,1.7887409663625519e-47,5.916753709195327e-42,True,0.50714165,5
neuron_neuron,L8N1393,8,1393,L10N691,10,691,0.5099725,-0.5099725,-14.47882207468843,1.905901417646513e-47,6.297605284013823e-42,True,0.5099725,2
neuron_neuron,L9N2606,9,2606,L11N597,11,597,0.5098095,-0.5098095,-14.47418348989577,1.905901417646513e-47,6.297605284013823e-42,True,0.5098095,2
neuron_neuron,L1N1886,1,1886,L2N605,2,605,0.5115232,-0.5115232,-14.477134772139442,1.9939322893535679e-47,6.578013714402949e-42,True,0.5115232,1
neuron_neuron,L7N886,7,886,L8N1627,8,1627,0.5116141,-0.5116141,-14.479713591729352,1.9939322893535679e-47,6.578013714402949e-42,True,0.5116141,1
neuron_neuron,L0N1981,0,1981,L1N2821,1,2821,0.51136446,-0.51136446,-14.472631561275222,1.9939322893535679e-47,6.578013714402949e-42,True,0.51136446,1
neuron_neuron,L0N2566,0,2566,L1N79,1,79,0.50881326,0.50881326,14.47058861280214,2.01059808819927e-47,6.629483065925849e-42,True,0.50881326,1
neuron_neuron,L5N2969,5,2969,L8N2069,8,2069,0.509061,-0.509061,-14.474407449027613,2.108127677419171e-47,6.947386560643523e-42,True,0.509061,3
neuron_neuron,L6N1189,6,1189,L9N465,9,465,0.50667185,0.50667185,14.459712837435832,2.221180043085223e-47,7.316082466450183e-42,True,0.50667185,3
neuron_neuron,L1N1429,1,1429,L5N1878,5,1878,0.5058195,0.5058195,14.461397416917398,2.3042051428094267e-47,7.58553764178099e-42,True,0.5058195,4
neuron_neuron,L0N1140,0,1140,L4N1378,4,1378,0.50730765,-0.50730765,-14.460691836665532,2.31688940349097e-47,7.623265536999676e-42,True,0.50730765,4
neuron_neuron,L2N789,2,789,L4N2049,4,2049,0.509433,-0.509433,-14.463469800632428,2.343457995106938e-47,7.706613112683677e-42,True,0.509433,2
neuron_neuron,L0N2103,0,2103,L1N2564,1,2564,0.51112175,-0.51112175,-14.465745690212849,2.450104947521036e-47,8.040347838769125e-42,True,0.51112175,1
neuron_neuron,L3N695,3,695,L4N3054,4,3054,0.51095134,-0.51095134,-14.46091103761773,2.450104947521036e-47,8.040347838769125e-42,True,0.51095134,1
neuron_neuron,L0N2566,0,2566,L1N440,1,440,0.510966,-0.510966,-14.461327030810594,2.450104947521036e-47,8.040347838769125e-42,True,0.510966,1
neuron_neuron,L3N1179,3,1179,L4N2298,4,2298,0.51068765,-0.51068765,-14.453429924263128,2.450104947521036e-47,8.040347838769125e-42,True,0.51068765,1
neuron_neuron,L1N416,1,416,L2N1152,2,1152,0.5081395,0.5081395,14.451473218281247,2.470563582434313e-47,8.094691032796937e-42,True,0.5081395,1
neuron_neuron,L8N2929,8,2929,L9N1090,9,1090,0.5081798,0.5081798,14.452616354047006,2.470563582434313e-47,8.094691032796937e-42,True,0.5081798,1
neuron_neuron,L1N2543,1,2543,L2N2678,2,2678,0.50841695,0.50841695,14.459344959390126,2.470563582434313e-47,8.094691032796937e-42,True,0.50841695,1
neuron_neuron,L1N1359,1,1359,L7N324,7,324,0.5070816,0.5070816,14.463546383206191,2.489178177285193e-47,8.151392969907727e-42,True,0.5070816,6
neuron_neuron,L0N646,0,646,L5N834,5,834,0.50763786,-0.50763786,-14.450671588385488,2.4977483644713427e-47,8.175159850132413e-42,True,0.50763786,5
neuron_neuron,L8N2882,8,2882,L10N2478,10,2478,0.5069961,0.5069961,14.458318382740378,2.5915240340201115e-47,8.468738110519534e-42,True,0.5069961,2
neuron_neuron,L9N190,9,190,L11N1425,11,1425,0.50705165,0.50705165,14.45989906318892,2.5915240340201115e-47,8.468738110519534e-42,True,0.50705165,2
neuron_neuron,L2N1314,2,1314,L4N748,4,748,0.5067436,0.5067436,14.451134088341217,2.5915240340201115e-47,8.468738110519534e-42,True,0.5067436,2
neuron_neuron,L0N293,0,293,L2N2991,2,2991,0.5088813,-0.5088813,-14.447771540727176,2.88088856888292e-47,9.409404213586555e-42,True,0.5088813,2
neuron_neuron,L1N79,1,79,L2N112,2,112,0.51042914,-0.51042914,-14.446095930452344,3.0100383420105744e-47,9.820926427030778e-42,True,0.51042914,1
neuron_neuron,L3N2632,3,2632,L4N2958,4,2958,0.5103753,-0.5103753,-14.44456893104927,3.0100383420105744e-47,9.820926427030778e-42,True,0.5103753,1
neuron_neuron,L10N2793,10,2793,L11N1660,11,1660,0.5080099,0.5080099,14.44779692071504,3.0351479435996366e-47,9.892488091701268e-42,True,0.5080099,1
neuron_neuron,L1N585,1,585,L2N2759,2,2759,0.50775003,0.50775003,14.440424033231752,3.0351479435996366e-47,9.892488091701268e-42,True,0.50775003,1
neuron_neuron,L8N2634,8,2634,L11N2662,11,2662,0.5076749,-0.5076749,-14.43492289446086,3.187402226359601e-47,1.0383298563195104e-41,True,0.5076749,3
neuron_neuron,L1N871,1,871,L4N2958,4,2958,0.50577414,0.50577414,14.434140836733624,3.3579904837751736e-47,1.0927577264012183e-41,True,0.50577414,3
neuron_neuron,L0N999,0,999,L3N900,3,900,0.505797,0.505797,14.434792828518344,3.3579904837751736e-47,1.0927577264012183e-41,True,0.505797,3
neuron_neuron,L1N824,1,824,L5N2723,5,2723,0.5064947,-0.5064947,-14.437484337557894,3.505513239872735e-47,1.1401689025073623e-41,True,0.5064947,4
neuron_neuron,L0N2306,0,2306,L1N2543,1,2543,0.5099811,-0.5099811,-14.43338446366063,3.697195606734948e-47,1.2012590531212608e-41,True,0.5099811,1
neuron_neuron,L10N2478,10,2478,L11N1795,11,1795,0.51002985,-0.51002985,-14.434767725578366,3.697195606734948e-47,1.2012590531212608e-41,True,0.51002985,1
neuron_neuron,L4N2147,4,2147,L5N2723,5,2723,0.50739807,0.50739807,14.430438505573768,3.7280073055607184e-47,1.2106385814029028e-41,True,0.50739807,1
neuron_neuron,L2N2206,2,2206,L4N2970,4,2970,0.50564146,0.50564146,14.419773184721072,3.914904275956419e-47,1.270669281731514e-41,True,0.50564146,2
neuron_neuron,L8N2368,8,2368,L11N2912,11,2912,0.5073995,-0.5073995,-14.427078618300966,3.9180987857253156e-47,1.2710437840054067e-41,True,0.5073995,3
neuron_neuron,L0N41,0,41,L3N74,3,74,0.5051459,0.5051459,14.416245020559316,4.127583232949481e-47,1.3376078675065043e-41,True,0.5051459,3
neuron_neuron,L8N592,8,592,L11N1043,11,1043,0.50555915,0.50555915,14.428016528484978,4.127583232949481e-47,1.3376078675065043e-41,True,0.50555915,3
neuron_neuron,L4N1073,4,1073,L8N583,8,583,0.5045358,0.5045358,14.424751041942605,4.2871192231470524e-47,1.3885855298799802e-41,True,0.5045358,4
neuron_neuron,L6N492,6,492,L8N1778,8,1778,0.5080114,-0.5080114,-14.423019984433177,4.351136186701685e-47,1.4085879443843568e-41,True,0.5080114,2
neuron_neuron,L1N2045,1,2045,L2N627,2,627,0.5091346,-0.5091346,-14.40936846640429,4.540314010222624e-47,1.4683039440957526e-41,True,0.5091346,1
neuron_neuron,L8N1604,8,1604,L9N977,9,977,0.5095751,-0.5095751,-14.421866863511854,4.540314010222624e-47,1.4683039440957526e-41,True,0.5095751,1
neuron_neuron,L8N2754,8,2754,L9N374,9,374,0.5066443,0.5066443,14.409053749813756,4.5781150824807145e-47,1.479760223576552e-41,True,0.5066443,1
neuron_neuron,L9N2738,9,2738,L11N2484,11,2484,0.50531846,0.50531846,14.410582511598063,4.810308423790376e-47,1.5540044272178132e-41,True,0.50531846,2
neuron_neuron,L7N1130,7,1130,L10N2568,10,2568,0.5070186,-0.5070186,-14.416229067508382,4.815332106629738e-47,1.5548209213844384e-41,True,0.5070186,3
neuron_neuron,L1N706,1,706,L4N923,4,923,0.5050311,0.5050311,14.412974874264089,5.072529391450156e-47,1.6370186279930195e-41,True,0.5050311,3
neuron_neuron,L2N2135,2,2135,L6N7,6,7,0.50404185,0.50404185,14.410650261452467,5.270732619379087e-47,1.7001023583098078e-41,True,0.50404185,4
neuron_neuron,L1N1809,1,1809,L3N481,3,481,0.5074727,-0.5074727,-14.407691454504082,5.345761851496973e-47,1.7234109327339554e-41,True,0.5074727,2
neuron_neuron,L6N1670,6,1670,L7N94,7,94,0.50867856,-0.50867856,-14.396430401694513,5.574583349271968e-47,1.794393974246741e-41,True,0.50867856,1
neuron_neuron,L0N619,0,619,L1N2187,1,2187,0.50869846,-0.50869846,-14.396995205460431,5.574583349271968e-47,1.794393974246741e-41,True,0.50869846,1
neuron_neuron,L0N2946,0,2946,L1N1940,1,1940,0.50865114,-0.50865114,-14.39565252824444,5.574583349271968e-47,1.794393974246741e-41,True,0.50865114,1
neuron_neuron,L8N90,8,90,L9N633,9,633,0.5064701,0.5064701,14.404110871347324,5.620949948850538e-47,1.8074506808766883e-41,True,0.5064701,1
neuron_neuron,L3N176,3,176,L4N646,4,646,0.5066231,0.5066231,14.408451743404571,5.620949948850538e-47,1.8074506808766883e-41,True,0.5066231,1
neuron_neuron,L0N293,0,293,L5N587,5,587,0.50588596,-0.50588596,-14.400736905002448,5.704356285168597e-47,1.8333240201598076e-41,True,0.50588596,5
neuron_neuron,L1N79,1,79,L3N900,3,900,0.50662583,-0.50662583,-14.383594557709156,6.5664265080560285e-47,2.1071231127326878e-41,True,0.50662583,2
neuron_neuron,L0N1045,0,1045,L2N2585,2,2585,0.50699013,-0.50699013,-14.39396056511418,6.5664265080560285e-47,2.1071231127326878e-41,True,0.50699013,2
neuron_neuron,L4N884,4,884,L6N1138,6,1138,0.50669974,-0.50669974,-14.385697608949704,6.5664265080560285e-47,2.1071231127326878e-41,True,0.50669974,2
neuron_neuron,L5N1856,5,1856,L6N444,6,444,0.5084956,-0.5084956,-14.391240632959144,6.843086018685523e-47,2.1902592417711919e-41,True,0.5084956,1
neuron_neuron,L8N2630,8,2630,L9N552,9,552,0.50840026,-0.50840026,-14.388534986176284,6.843086018685523e-47,2.1902592417711919e-41,True,0.50840026,1
neuron_neuron,L1N1982,1,1982,L2N2643,2,2643,0.50823784,-0.50823784,-14.38392693149923,6.843086018685523e-47,2.1902592417711919e-41,True,0.50823784,1
neuron_neuron,L0N10,0,10,L1N1886,1,1886,0.50832397,-0.50832397,-14.386370468749998,6.843086018685523e-47,2.1902592417711919e-41,True,0.50832397,1
neuron_neuron,L10N1884,10,1884,L11N2355,11,2355,0.5082391,-0.5082391,-14.383962443113257,6.843086018685523e-47,2.1902592417711919e-41,True,0.5082391,1
neuron_neuron,L10N1497,10,1497,L11N369,11,369,0.50607157,0.50607157,14.392804649853456,6.899947612333054e-47,2.2073245833202608e-41,True,0.50607157,1
neuron_neuron,L7N244,7,244,L9N510,9,510,0.50421214,0.50421214,14.379102887343372,7.2579525142989835e-47,2.3170916455593755e-41,True,0.50421214,2
neuron_neuron,L3N1533,3,1533,L5N2848,5,2848,0.50427663,0.50427663,14.380937969151658,7.2579525142989835e-47,2.3170916455593755e-41,True,0.50427663,2
neuron_neuron,L7N1318,7,1318,L9N2238,9,2238,0.5041647,0.5041647,14.377752864127666,7.2579525142989835e-47,2.3170916455593755e-41,True,0.5041647,2
neuron_neuron,L1N867,1,867,L3N2639,3,2639,0.50453424,0.50453424,14.388268120330409,7.2579525142989835e-47,2.3170916455593755e-41,True,0.50453424,2
neuron_neuron,L1N1120,1,1120,L9N5,9,5,0.5080983,-0.5080983,-14.386131155637024,7.680768661425575e-47,2.4508189497306623e-41,True,0.5080983,8
neuron_neuron,L2N1057,2,1057,L4N1159,4,1159,0.5061543,-0.5061543,-14.370177429996271,8.064196819553577e-47,2.5718476226782216e-41,True,0.5061543,2
neuron_neuron,L2N2771,2,2771,L3N1226,3,1226,0.5077103,-0.5077103,-14.368959631702308,8.398556504305904e-47,2.675742057455287e-41,True,0.5077103,1
neuron_neuron,L2N1723,2,1723,L3N2380,3,2380,0.5079842,-0.5079842,-14.376731602086068,8.398556504305904e-47,2.675742057455287e-41,True,0.5079842,1
neuron_neuron,L0N162,0,162,L1N105,1,105,0.50540596,0.50540596,14.373920926338348,8.468274591099507e-47,2.695196689625056e-41,True,0.50540596,1
neuron_neuron,L8N1497,8,1497,L9N2711,9,2711,0.5051704,0.5051704,14.36723797878469,8.468274591099507e-47,2.695196689625056e-41,True,0.5051704,1
neuron_neuron,L3N1004,3,1004,L5N1753,5,1753,0.50387496,0.50387496,14.369508564062905,8.912582192152405e-47,2.835157687498841e-41,True,0.50387496,2
neuron_neuron,L2N605,2,605,L5N1866,5,1866,0.5055336,-0.5055336,-14.373926006788942,8.927975025676924e-47,2.8371562460568256e-41,True,0.5055336,3
neuron_neuron,L7N999,7,999,L10N1689,10,1689,0.50522786,-0.50522786,-14.36521750193524,8.927975025676924e-47,2.8371562460568256e-41,True,0.50522786,3
neuron_neuron,L4N2258,4,2258,L8N1627,8,1627,0.50403285,-0.50403285,-14.367205040274898,9.836191209298161e-47,3.124177692956517e-41,True,0.50403285,4
neuron_neuron,L1N1675,1,1675,L2N842,2,842,0.5048344,0.5048344,14.357705646962836,1.039099497194769e-46,3.2970322356397255e-41,True,0.5048344,1
neuron_neuron,L6N1788,6,1788,L7N817,7,817,0.5049696,0.5049696,14.361540901277534,1.039099497194769e-46,3.2970322356397255e-41,True,0.5049696,1
neuron_neuron,L1N73,1,73,L7N1904,7,1904,0.5033789,0.5033789,14.35803716167498,1.0534695333471832e-46,3.3409259899340085e-41,True,0.5033789,6
neuron_neuron,L4N1315,4,1315,L6N1295,6,1295,0.5034025,0.5034025,14.35606430020498,1.094222208460184e-46,3.4684012060878244e-41,True,0.5034025,2
neuron_neuron,L6N1500,6,1500,L9N552,9,552,0.50474274,-0.50474274,-14.351398332310696,1.0963601798957726e-46,3.4734103833401186e-41,True,0.50474274,3
neuron_neuron,L1N2882,1,2882,L5N2848,5,2848,0.50316036,-0.50316036,-14.342297688420832,1.20830887971439e-46,3.8261321452064325e-41,True,0.50316036,4
neuron_neuron,L7N1579,7,1579,L8N737,8,737,0.50688195,-0.50688195,-14.34545939836395,1.2642970951419878e-46,3.9952952052579875e-41,True,0.50688195,1
neuron_neuron,L6N686,6,686,L7N493,7,493,0.5066552,-0.5066552,-14.339026723137705,1.2642970951419878e-46,3.9952952052579875e-41,True,0.5066552,1
neuron_neuron,L0N752,0,752,L1N117,1,117,0.5067228,-0.5067228,-14.340944350295056,1.2642970951419878e-46,3.9952952052579875e-41,True,0.5067228,1
neuron_neuron,L10N298,10,298,L11N1936,11,1936,0.5070995,-0.5070995,-14.351631655087344,1.2642970951419878e-46,3.9952952052579875e-41,True,0.5070995,1
neuron_neuron,L1N2356,1,2356,L2N2037,2,2037,0.5044847,0.5044847,14.347784378415945,1.2747716671207218e-46,4.0222736348527355e-41,True,0.5044847,1
neuron_neuron,L8N1604,8,1604,L9N379,9,379,0.50433666,0.50433666,14.343583861785556,1.2747716671207218e-46,4.0222736348527355e-41,True,0.50433666,1
neuron_neuron,L9N295,9,295,L10N383,10,383,0.5042046,0.5042046,14.339836540991298,1.2747716671207218e-46,4.0222736348527355e-41,True,0.5042046,1
neuron_neuron,L0N41,0,41,L6N127,6,127,0.50384706,-0.50384706,-14.343079909293955,1.2899835730868604e-46,4.0682107047548246e-41,True,0.50384706,6
neuron_neuron,L8N1276,8,1276,L10N2732,10,2732,0.5029379,0.5029379,14.342845605552696,1.34313620049969e-46,4.233694071040723e-41,True,0.5029379,2
neuron_neuron,L6N2081,6,2081,L10N2114,10,2114,0.5013682,0.5013682,14.334325341738984,1.4759708252455491e-46,4.650048279854781e-41,True,0.5013682,4
neuron_neuron,L0N2306,0,2306,L4N23,4,23,0.5027604,-0.5027604,-14.330880259062944,1.4840240924960787e-46,4.673056399428827e-41,True,0.5027604,4
neuron_neuron,L9N502,9,502,L11N1420,11,1420,0.5050995,-0.5050995,-14.340163157573706,1.4918752939554843e-46,4.69428096215781e-41,True,0.5050995,2
neuron_neuron,L3N1751,3,1751,L10N900,10,900,0.50508684,-0.50508684,-14.339764920432858,1.492271729201574e-46,4.69428096215781e-41,True,0.50508684,7
neuron_neuron,L2N2582,2,2582,L3N2413,3,2413,0.50632524,-0.50632524,-14.329665185269016,1.550747122939848e-46,4.868393507153033e-41,True,0.50632524,1
neuron_neuron,L5N2087,5,2087,L6N1788,6,1788,0.5064489,-0.5064489,-14.333174070940537,1.550747122939848e-46,4.868393507153033e-41,True,0.5064489,1
neuron_neuron,L10N1003,10,1003,L11N802,11,802,0.5064232,-0.5064232,-14.332443546309165,1.550747122939848e-46,4.868393507153033e-41,True,0.5064232,1
neuron_neuron,L10N1884,10,1884,L11N828,11,828,0.50619316,-0.50619316,-14.32591786447476,1.550747122939848e-46,4.868393507153033e-41,True,0.50619316,1
neuron_neuron,L10N704,10,704,L11N1577,11,1577,0.5040302,0.5040302,14.334890280466386,1.5635822649165336e-46,4.903744678691686e-41,True,0.5040302,1
neuron_neuron,L8N1364,8,1364,L9N2321,9,2321,0.50410897,0.50410897,14.337124130091482,1.5635822649165336e-46,4.903744678691686e-41,True,0.50410897,1
neuron_neuron,L0N2646,0,2646,L2N2135,2,2135,0.5022298,0.5022298,14.322697017860994,1.6483412880404982e-46,5.166966290801822e-41,True,0.5022298,2
neuron_neuron,L0N1175,0,1175,L7N924,7,924,0.5040542,0.5040542,14.330560964900064,1.6808630596969003e-46,5.26626017217673e-41,True,0.5040542,7
neuron_neuron,L0N323,0,323,L5N881,5,881,0.5020036,0.5020036,14.327303833119176,1.7259776044585871e-46,5.402172378835295e-41,True,0.5020036,5
neuron_neuron,L1N1429,1,1429,L6N3043,6,3043,0.501826,0.501826,14.322241048807747,1.7259776044585871e-46,5.402172378835295e-41,True,0.501826,5
neuron_neuron,L0N162,0,162,L3N900,3,900,0.5020342,0.5020342,14.32760469995249,1.7400288355586038e-46,5.440683588891421e-41,True,0.5020342,3
neuron_neuron,L6N1728,6,1728,L9N145,9,145,0.50165176,0.50165176,14.316711003882816,1.7400288355586038e-46,5.440683588891421e-41,True,0.50165176,3
neuron_neuron,L5N2070,5,2070,L7N3066,7,3066,0.5045519,-0.5045519,-14.324581922293934,1.8306898024311904e-46,5.72128815766587e-41,True,0.5045519,2
neuron_neuron,L2N2641,2,2641,L3N885,3,885,0.50592315,-0.50592315,-14.318257502020794,1.901717025464861e-46,5.940282497623581e-41,True,0.50592315,1
neuron_neuron,L1N2118,1,2118,L2N2361,2,2361,0.5033918,0.5033918,14.316777666284391,1.9174415571981964e-46,5.983398896686921e-41,True,0.5033918,1
neuron_neuron,L10N1886,10,1886,L11N1043,11,1043,0.5033706,0.5033706,14.316175659875206,1.9174415571981964e-46,5.983398896686921e-41,True,0.5033706,1
neuron_neuron,L2N1597,2,1597,L4N1722,4,1722,0.5018176,0.5018176,14.310967419167742,2.0224918194853227e-46,6.304891946809475e-41,True,0.5018176,2
neuron_neuron,L1N2956,1,2956,L3N1792,3,1792,0.5019853,0.5019853,14.315739988676537,2.0224918194853227e-46,6.304891946809475e-41,True,0.5019853,2
neuron_neuron,L7N2995,7,2995,L10N2732,10,2732,0.5036185,-0.5036185,-14.319372631676938,2.0278146832609583e-46,6.318323055193273e-41,True,0.5036185,3
neuron_neuron,L1N1429,1,1429,L5N1196,5,1196,0.5021085,-0.5021085,-14.312270359675876,2.2371899712868023e-46,6.96373335597814e-41,True,0.5021085,4
neuron_neuron,L0N826,0,826,L4N3002,4,3002,0.50202185,-0.50202185,-14.309796299722615,2.2371899712868023e-46,6.96373335597814e-41,True,0.50202185,4
neuron_neuron,L2N1075,2,1075,L4N2303,4,2303,0.5040015,-0.5040015,-14.30892097458811,2.245998993064142e-46,6.98766124000913e-41,True,0.5040015,2
neuron_neuron,L1N1359,1,1359,L2N2941,2,2941,0.5030583,0.5030583,14.307316357690588,2.3509132461223246e-46,7.30312248145527e-41,True,0.5030583,1
neuron_neuron,L1N1276,1,1276,L2N2027,2,2027,0.5028523,0.5028523,14.301472160639614,2.3509132461223246e-46,7.30312248145527e-41,True,0.5028523,1
neuron_neuron,L4N1479,4,1479,L5N13,5,13,0.5026518,0.5026518,14.295783538278656,2.3509132461223246e-46,7.30312248145527e-41,True,0.5026518,1
neuron_neuron,L0N1105,0,1105,L2N410,2,410,0.50119233,0.50119233,14.293176284076331,2.4810697004853985e-46,7.699773515197654e-41,True,0.50119233,2
neuron_neuron,L3N1991,3,1991,L5N529,5,529,0.50135803,0.50135803,14.297891189276914,2.4810697004853985e-46,7.699773515197654e-41,True,0.50135803,2
neuron_neuron,L5N2201,5,2201,L8N2935,8,2935,0.5008248,0.5008248,14.293154404869307,2.6199878133539793e-46,8.12684395805291e-41,True,0.5008248,3
neuron_neuron,L0N174,0,174,L4N2765,4,2765,0.5014248,-0.5014248,-14.292751830292216,2.746007968774656e-46,8.513501457482913e-41,True,0.5014248,4
neuron_neuron,L0N101,0,101,L7N924,7,924,0.5032437,-0.5032437,-14.287399753708051,2.7531100476603145e-46,8.531273642155543e-41,True,0.5032437,7
neuron_neuron,L0N1168,0,1168,L2N410,2,410,0.50320286,-0.50320286,-14.286196149126734,2.7549702109875e-46,8.532792702685822e-41,True,0.50320286,2
neuron_neuron,L0N619,0,619,L1N397,1,397,0.50510436,-0.50510436,-14.29502783336072,2.8582151595493136e-46,8.843771269592207e-41,True,0.50510436,1
neuron_neuron,L0N2646,0,2646,L1N79,1,79,0.5048411,-0.5048411,-14.287558557210794,2.8582151595493136e-46,8.843771269592207e-41,True,0.5048411,1
neuron_neuron,L8N599,8,599,L9N677,9,677,0.5023188,0.5023188,14.286335757918764,2.8818019999343492e-46,8.903483719477166e-41,True,0.5023188,1
neuron_neuron,L1N615,1,615,L2N2027,2,2027,0.5022992,0.5022992,14.28577940929904,2.8818019999343492e-46,8.903483719477166e-41,True,0.5022992,1
neuron_neuron,L1N824,1,824,L2N112,2,112,0.5025549,0.5025549,14.293033924735576,2.8818019999343492e-46,8.903483719477166e-41,True,0.5025549,1
neuron_neuron,L8N2675,8,2675,L10N1165,10,1165,0.50096726,0.50096726,14.286772153847048,3.0430123294936943e-46,9.392234091517546e-41,True,0.50096726,2
neuron_neuron,L9N3069,9,3069,L11N2226,11,2226,0.5010327,0.5010327,14.288634371800372,3.0430123294936943e-46,9.392234091517546e-41,True,0.5010327,2
neuron_neuron,L1N1429,1,1429,L9N1329,9,1329,0.50415343,-0.50415343,-14.27441719605911,3.197210659122853e-46,9.863278396610403e-41,True,0.50415343,8
neuron_neuron,L6N1683,6,1683,L9N677,9,677,0.5003292,0.5003292,14.27903640567677,3.213950810053279e-46,9.910012775514068e-41,True,0.5003292,3
neuron_neuron,L2N589,2,589,L3N2723,3,2723,0.5042939,-0.5042939,-14.272034908794147,3.502991093782476e-46,1.079590558712275e-40,True,0.5042939,1
neuron_neuron,L7N2665,7,2665,L8N2426,8,2426,0.5019028,0.5019028,14.274534064857786,3.5318702679995584e-46,1.0879525383253784e-40,True,0.5019028,1
neuron_neuron,L2N2134,2,2134,L4N1727,4,1727,0.5005727,0.5005727,14.275544573837024,3.731479116302244e-46,1.1488715921098916e-40,True,0.5005727,2
neuron_neuron,L1N3041,1,3041,L5N785,5,785,0.50017184,-0.50017184,-14.2569834573366,4.134620013578567e-46,1.2711081980862523e-40,True,0.50017184,4
neuron_neuron,L0N908,0,908,L1N2633,1,2633,0.5037752,-0.5037752,-14.25731788132464,4.2923607767473884e-46,1.316353863781472e-40,True,0.5037752,1
neuron_neuron,L5N64,5,64,L6N127,6,127,0.5040019,-0.5040019,-14.263750556550884,4.2923607767473884e-46,1.316353863781472e-40,True,0.5040019,1
neuron_neuron,L10N107,10,107,L11N1097,11,1097,0.5038732,-0.5038732,-14.260099624423264,4.2923607767473884e-46,1.316353863781472e-40,True,0.5038732,1
neuron_neuron,L3N1004,3,1004,L4N669,4,669,0.50381845,-0.50381845,-14.25854556855236,4.2923607767473884e-46,1.316353863781472e-40,True,0.50381845,1
neuron_neuron,L9N2468,9,2468,L10N226,10,226,0.50410354,-0.50410354,-14.266633761403869,4.2923607767473884e-46,1.316353863781472e-40,True,0.50410354,1
neuron_neuron,L10N1761,10,1761,L11N145,11,145,0.50139964,0.50139964,14.260258396019733,4.327712649553379e-46,1.3265422036493806e-40,True,0.50139964,1
neuron_neuron,L7N2880,7,2880,L9N85,9,85,0.50181156,-0.50181156,-14.24660790553248,5.0782525664762636e-46,1.5535415792280828e-40,True,0.50181156,2
neuron_neuron,L0N1150,0,1150,L2N2824,2,2824,0.50180316,-0.50180316,-14.24636876825432,5.0782525664762636e-46,1.5535415792280828e-40,True,0.50180316,2
neuron_neuron,L0N2053,0,2053,L1N1522,1,1522,0.50097233,0.50097233,14.248135407403293,5.301822227123211e-46,1.619549752287887e-40,True,0.50097233,1
neuron_neuron,L3N845,3,845,L4N1307,4,1307,0.5008605,0.5008605,14.24496303655039,5.301822227123211e-46,1.619549752287887e-40,True,0.5008605,1
neuron_neuron,L10N2061,10,2061,L11N1577,11,1577,0.50104356,0.50104356,14.250156187344237,5.301822227123211e-46,1.619549752287887e-40,True,0.50104356,1
neuron_neuron,L0N1817,0,1817,L6N2078,6,2078,0.50022286,-0.50022286,-14.23980754236516,5.3981789366537016e-46,1.6481755493864072e-40,True,0.50022286,6
neuron_neuron,L0N1168,0,1168,L5N1529,5,1529,0.5004328,-0.5004328,-14.24530432987891,5.435966294126695e-46,1.6588996241749803e-40,True,0.5004328,5
neuron_neuron,L1N1446,1,1446,L3N1338,3,1338,0.50129026,-0.50129026,-14.231774610250357,6.2240328422276884e-46,1.891978842446858e-40,True,0.50129026,2
neuron_neuron,L8N224,8,224,L10N113,10,113,0.5015999,-0.5015999,-14.240585377342814,6.2240328422276884e-46,1.891978842446858e-40,True,0.5015999,2
neuron_neuron,L1N1571,1,1571,L2N1848,2,1848,0.50281614,-0.50281614,-14.230109220864524,6.440948090610805e-46,1.9541019042989898e-40,True,0.50281614,1
neuron_neuron,L1N2542,1,2542,L2N989,2,989,0.50297606,-0.50297606,-14.23464625231353,6.440948090610805e-46,1.9541019042989898e-40,True,0.50297606,1
neuron_neuron,L6N1837,6,1837,L7N1834,7,1834,0.5030871,-0.5030871,-14.23779663978632,6.440948090610805e-46,1.9541019042989898e-40,True,0.5030871,1
neuron_neuron,L0N1554,0,1554,L1N1558,1,1558,0.5027352,-0.5027352,-14.227812803157576,6.440948090610805e-46,1.9541019042989898e-40,True,0.5027352,1
neuron_neuron,L8N224,8,224,L9N2468,9,2468,0.50062084,0.50062084,14.23816340797922,6.4938907429403104e-46,1.9663328925248474e-40,True,0.50062084,1
neuron_neuron,L1N2814,1,2814,L2N2027,2,2027,0.50045985,0.50045985,14.233595938003909,6.4938907429403104e-46,1.9663328925248474e-40,True,0.50045985,1
neuron_neuron,L1N605,1,605,L2N2037,2,2037,0.5004754,0.5004754,14.234037296635362,6.4938907429403104e-46,1.9663328925248474e-40,True,0.5004754,1
neuron_neuron,L1N1142,1,1142,L2N1981,2,1981,0.5001827,0.5001827,14.225732652041229,6.4938907429403104e-46,1.9663328925248474e-40,True,0.5001827,1
neuron_neuron,L5N1611,5,1611,L8N583,8,583,0.500502,-0.500502,-14.230596479448296,6.8994112145154114e-46,2.0850688336346416e-40,True,0.500502,3
neuron_neuron,L2N2582,2,2582,L5N1856,5,1856,0.50040483,-0.50040483,-14.227828910153786,6.8994112145154114e-46,2.0850688336346416e-40,True,0.50040483,3
neuron_neuron,L4N1315,4,1315,L6N2430,6,2430,0.5009254,-0.5009254,-14.221393338763749,7.626793957763921e-46,2.300426257640397e-40,True,0.5009254,2
neuron_neuron,L4N919,4,919,L6N2287,6,2287,0.50107557,-0.50107557,-14.225665585598376,7.626793957763921e-46,2.300426257640397e-40,True,0.50107557,2
neuron_neuron,L10N2013,10,2013,L11N99,11,99,0.5025309,-0.5025309,-14.222015954925302,7.887623959958707e-46,2.377947371623413e-40,True,0.5025309,1
neuron_neuron,L2N3007,2,3007,L4N2543,4,2543,0.50046074,-0.50046074,-14.208171252093331,9.343825347728469e-46,2.804742331877068e-40,True,0.50046074,2
neuron_neuron,L3N716,3,716,L4N1159,4,1159,0.5020738,-0.5020738,-14.209049142718456,9.657298804338771e-46,2.894652829705798e-40,True,0.5020738,1
neuron_neuron,L2N2324,2,2324,L3N1398,3,1398,0.5019994,-0.5019994,-14.206937047198588,9.657298804338771e-46,2.894652829705798e-40,True,0.5019994,1
neuron_neuron,L1N2347,1,2347,L2N78,2,78,0.5016948,-0.5016948,-14.198295887785836,9.657298804338771e-46,2.894652829705798e-40,True,0.5016948,1
neuron_neuron,L1N2141,1,2141,L3N630,3,630,0.5000963,-0.5000963,-14.197801852670178,1.1445110006858808e-45,3.422291980944732e-40,True,0.5000963,2
neuron_neuron,L4N1181,4,1181,L5N2394,5,2394,0.5010997,-0.5010997,-14.181412651860802,1.4468177695347038e-45,4.3055730691233976e-40,True,0.5010997,1
neuron_neuron,L4N2045,4,2045,L5N1057,5,1057,0.500923,-0.500923,-14.17639875016632,1.4468177695347038e-45,4.3055730691233976e-40,True,0.500923,1
neuron_neuron,L0N1209,0,1209,L1N1098,1,1098,0.501021,-0.501021,-14.179180493264944,1.4468177695347038e-45,4.3055730691233976e-40,True,0.501021,1
neuron_neuron,L5N303,5,303,L6N1138,6,1138,0.5010145,-0.5010145,-14.178994480048624,1.4468177695347038e-45,4.3055730691233976e-40,True,0.5010145,1
neuron_neuron,L0N2940,0,2940,L1N342,1,342,0.50062335,-0.50062335,-14.167897946180428,1.7703638350456074e-45,5.2284421576381644e-40,True,0.50062335,1
neuron_neuron,L5N1327,5,1327,L6N1189,6,1189,0.500206,-0.500206,-14.156057359446946,1.7703638350456074e-45,5.2284421576381644e-40,True,0.500206,1
neuron_neuron,L1N242,1,242,L9N1111,9,1111,0.5000241,-0.5000241,-14.157479093109782,1.9718035754088485e-45,5.798612030677138e-40,True,0.5000241,8
neuron_neuron,L1N2401,1,2401,L9N5,9,5,0.50008166,-0.50008166,-14.159109633496463,1.9718035754088485e-45,5.798612030677138e-40,True,0.50008166,8
neuron_neuron,L3N76,3,76,L4N2259,4,2259,0.50009716,-0.50009716,-14.15296954005601,2.1658296790309917e-45,6.351205229673459e-40,True,0.50009716,1
